Type,Name,E_day,E_month,H_day,H_month
ESA,AdulticideESA1,1,9,2,11
ESA,AdulticideESA10a,1,9,2,11
ESA,AdulticideESA10b,1,9,2,11
ESA,AdulticideESA11a,1,9,2,11
ESA,AdulticideESA11b,1,9,2,11
ESA,AdulticideESA12a,1,9,2,11
ESA,AdulticideESA12b,1,9,2,11
ESA,AdulticideESA13,1,9,2,11
ESA,AdulticideESA14,1,9,2,11
ESA,AdulticideESA15a,1,9,2,11
ESA,AdulticideESA15b,1,9,2,11
ESA,AdulticideESA16a,1,9,2,11
ESA,AdulticideESA16b,1,9,2,11
ESA,AdulticideESA17a,1,9,2,11
ESA,AdulticideESA17b,1,9,2,11
ESA,AdulticideESA18a,1,9,2,11
ESA,AdulticideESA18b,1,9,2,11
ESA,AdulticideESA19a,1,9,2,11
ESA,AdulticideESA19b,1,9,2,11
ESA,AdulticideESA2,1,9,2,11
ESA,AdulticideESA20a,1,9,2,11
ESA,AdulticideESA20b,1,9,2,11
ESA,AdulticideESA21,1,9,2,11
ESA,AdulticideESA3,1,9,2,11
ESA,AdulticideESA4,1,9,2,11
ESA,AdulticideESA5,1,9,2,11
ESA,AdulticideESA6,1,9,2,11
ESA,AdulticideESA7,1,9,2,11
ESA,AdulticideESA8,1,9,2,11
ESA,AdulticideESA9,1,9,2,11
ESA,AdulticidesaESA1,1,9,2,11
ESA,AdulticidesaESA10a,1,9,2,11
ESA,AdulticidesaESA10b,1,9,2,11
ESA,AdulticidesaESA11a,1,9,2,11
ESA,AdulticidesaESA11b,1,9,2,11
ESA,AdulticidesaESA12a,1,9,2,11
ESA,AdulticidesaESA12b,1,9,2,11
ESA,AdulticidesaESA13,1,9,2,11
ESA,AdulticidesaESA14,1,9,2,11
ESA,AdulticidesaESA15a,1,9,2,11
ESA,AdulticidesaESA15b,1,9,2,11
ESA,AdulticidesaESA16a,1,9,2,11
ESA,AdulticidesaESA16b,1,9,2,11
ESA,AdulticidesaESA17a,1,9,2,11
ESA,AdulticidesaESA17b,1,9,2,11
ESA,AdulticidesaESA18a,1,9,2,11
ESA,AdulticidesaESA18b,1,9,2,11
ESA,AdulticidesaESA19a,1,9,2,11
ESA,AdulticidesaESA19b,1,9,2,11
ESA,AdulticidesaESA2,1,9,2,11
ESA,AdulticidesaESA20a,1,9,2,11
ESA,AdulticidesaESA20b,1,9,2,11
ESA,AdulticidesaESA21,1,9,2,11
ESA,AdulticidesaESA3,1,9,2,11
ESA,AdulticidesaESA4,1,9,2,11
ESA,AdulticidesaESA5,1,9,2,11
ESA,AdulticidesaESA6,1,9,2,11
ESA,AdulticidesaESA7,1,9,2,11
ESA,AdulticidesaESA8,1,9,2,11
ESA,AdulticidesaESA9,1,9,2,11
ESA,CitrusESA10a,1,1,31,12
ESA,CitrusESA10b,1,1,31,12
ESA,CitrusESA11a,1,1,31,12
ESA,CitrusESA11b,1,1,31,12
ESA,CitrusESA12a,16,3,1,2
ESA,CitrusESA12b,16,3,1,2
ESA,CitrusESA13,1,1,31,12
ESA,CitrusESA15a,1,1,31,12
ESA,CitrusESA15b,1,1,31,12
ESA,CitrusESA16a,1,1,31,12
ESA,CitrusESA16b,1,1,31,12
ESA,CitrusESA17a,1,1,31,12
ESA,CitrusESA17b,1,1,31,12
ESA,CitrusESA18a,1,1,31,12
ESA,CitrusESA18b,1,1,31,12
ESA,CitrusESA2,1,1,31,12
ESA,CitrusESA20a,1,1,31,12
ESA,CitrusESA20b,1,1,31,12
ESA,CitrusESA21,1,1,31,12
ESA,CitrusESA3,1,1,31,12
ESA,CitrusESA4,1,1,31,12
ESA,CitrusESA5,1,1,31,12
ESA,CitrusESA6,1,1,31,12
ESA,CitrusESA7,1,1,31,12
ESA,CitrusESA8,1,1,31,12
ESA,CitrusESA9,1,1,31,12
ESA,CitrussaESA10a,1,1,31,12
ESA,CitrussaESA10b,1,1,31,12
ESA,CitrussaESA11a,1,1,31,12
ESA,CitrussaESA11b,1,1,31,12
ESA,CitrussaESA12a,16,3,1,2
ESA,CitrussaESA12b,16,3,1,2
ESA,CitrussaESA13,1,1,31,12
ESA,CitrussaESA15a,1,1,31,12
ESA,CitrussaESA15b,1,1,31,12
ESA,CitrussaESA16a,1,1,31,12
ESA,CitrussaESA16b,1,1,31,12
ESA,CitrussaESA17a,1,1,31,12
ESA,CitrussaESA17b,1,1,31,12
ESA,CitrussaESA18a,1,1,31,12
ESA,CitrussaESA18b,1,1,31,12
ESA,CitrussaESA2,1,1,31,12
ESA,CitrussaESA20a,1,1,31,12
ESA,CitrussaESA20b,1,1,31,12
ESA,CitrussaESA21,1,1,31,12
ESA,CitrussaESA3,1,1,31,12
ESA,CitrussaESA4,1,1,31,12
ESA,CitrussaESA5,1,1,31,12
ESA,CitrussaESA6,1,1,31,12
ESA,CitrussaESA7,1,1,31,12
ESA,CitrussaESA8,1,1,31,12
ESA,CitrussaESA9,1,1,31,12
ESA,CornESA1,1,6,4,9
ESA,CornESA10a,10,5,20,10
ESA,CornESA10b,10,5,20,10
ESA,CornESA11a,25,5,20,10
ESA,CornESA11b,25,5,20,10
ESA,CornESA12a,1,3,1,7
ESA,CornESA12b,1,3,1,7
ESA,CornESA13,16,3,10,9
ESA,CornESA14,16,3,10,9
ESA,CornESA15a,16,3,10,9
ESA,CornESA15b,16,3,10,9
ESA,CornESA16a,16,3,10,9
ESA,CornESA16b,16,3,10,9
ESA,CornESA17a,16,5,10,9
ESA,CornESA17b,16,5,10,9
ESA,CornESA18a,1,4,8,9
ESA,CornESA18b,1,4,8,9
ESA,CornESA2,16,4,1,10
ESA,CornESA20a,16,10,15,1
ESA,CornESA20b,16,10,15,1
ESA,CornESA21,16,10,15,1
ESA,CornESA3,25,4,17,9
ESA,CornESA4,1,6,4,9
ESA,CornESA5,1,5,25,10
ESA,CornESA6,25,4,17,9
ESA,CornESA7,1,5,20,10
ESA,CornESA8,10,4,2,9
ESA,CornESA9,5,5,12,8
ESA,CornsaESA1,1,6,4,9
ESA,CornsaESA10a,10,5,20,10
ESA,CornsaESA10b,10,5,20,10
ESA,CornsaESA11a,25,5,20,10
ESA,CornsaESA11b,25,5,20,10
ESA,CornsaESA12a,1,3,1,7
ESA,CornsaESA12b,1,3,1,7
ESA,CornsaESA13,16,3,10,9
ESA,CornsaESA14,16,3,10,9
ESA,CornsaESA15a,16,3,10,9
ESA,CornsaESA15b,16,3,10,9
ESA,CornsaESA16a,16,3,10,9
ESA,CornsaESA16b,16,3,10,9
ESA,CornsaESA17a,16,5,10,9
ESA,CornsaESA17b,16,5,10,9
ESA,CornsaESA18a,1,4,8,9
ESA,CornsaESA18b,1,4,8,9
ESA,CornsaESA2,16,4,1,10
ESA,CornsaESA20a,16,10,15,1
ESA,CornsaESA20b,16,10,15,1
ESA,CornsaESA21,16,10,15,1
ESA,CornsaESA3,25,4,17,9
ESA,CornsaESA4,1,6,4,9
ESA,CornsaESA5,1,5,25,10
ESA,CornsaESA6,25,4,17,9
ESA,CornsaESA7,1,5,20,10
ESA,CornsaESA8,10,4,2,9
ESA,CornsaESA9,5,5,12,8
ESA,CottonESA10a,16,3,15,10
ESA,CottonESA10b,16,3,15,10
ESA,CottonESA11a,16,3,15,10
ESA,CottonESA11b,16,3,15,10
ESA,CottonESA12a,16,3,15,10
ESA,CottonESA12b,16,3,15,10
ESA,CottonESA13,16,3,15,10
ESA,CottonESA14,16,3,15,10
ESA,CottonESA15a,1,5,11,11
ESA,CottonESA15b,1,5,11,11
ESA,CottonESA18a,16,3,15,10
ESA,CottonESA18b,16,3,15,10
ESA,CottonESA2,1,6,1,11
ESA,CottonESA3,1,5,22,9
ESA,CottonESA5,1,5,22,9
ESA,CottonESA6,1,5,22,9
ESA,CottonESA7,1,5,22,9
ESA,CottonESA8,1,5,22,9
ESA,CottonsaESA10a,16,3,15,10
ESA,CottonsaESA10b,16,3,15,10
ESA,CottonsaESA11a,16,3,15,10
ESA,CottonsaESA11b,16,3,15,10
ESA,CottonsaESA12a,16,3,15,10
ESA,CottonsaESA12b,16,3,15,10
ESA,CottonsaESA13,16,3,15,10
ESA,CottonsaESA14,16,3,15,10
ESA,CottonsaESA15a,1,5,11,11
ESA,CottonsaESA15b,1,5,11,11
ESA,CottonsaESA18a,16,3,15,10
ESA,CottonsaESA18b,16,3,15,10
ESA,CottonsaESA2,1,6,1,11
ESA,CottonsaESA3,1,5,22,9
ESA,CottonsaESA5,1,5,22,9
ESA,CottonsaESA6,1,5,22,9
ESA,CottonsaESA7,1,5,22,9
ESA,CottonsaESA8,1,5,22,9
ESA,DevelopedESA1,1,9,2,11
ESA,DevelopedESA10a,1,9,2,11
ESA,DevelopedESA10b,1,9,2,11
ESA,DevelopedESA11a,1,9,2,11
ESA,DevelopedESA11b,1,9,2,11
ESA,DevelopedESA12a,1,9,2,11
ESA,DevelopedESA12b,1,9,2,11
ESA,DevelopedESA13,1,9,2,11
ESA,DevelopedESA14,1,9,2,11
ESA,DevelopedESA15a,1,9,2,11
ESA,DevelopedESA15b,1,9,2,11
ESA,DevelopedESA16a,1,9,2,11
ESA,DevelopedESA16b,1,9,2,11
ESA,DevelopedESA17a,1,9,2,11
ESA,DevelopedESA17b,1,9,2,11
ESA,DevelopedESA18a,1,9,2,11
ESA,DevelopedESA18b,1,9,2,11
ESA,DevelopedESA19a,1,9,2,11
ESA,DevelopedESA19b,1,9,2,11
ESA,DevelopedESA2,1,9,2,11
ESA,DevelopedESA20a,1,9,2,11
ESA,DevelopedESA20b,1,9,2,11
ESA,DevelopedESA21,1,9,2,11
ESA,DevelopedESA3,1,9,2,11
ESA,DevelopedESA4,1,9,2,11
ESA,DevelopedESA5,1,9,2,11
ESA,DevelopedESA6,1,9,2,11
ESA,DevelopedESA7,1,9,2,11
ESA,DevelopedESA8,1,9,2,11
ESA,DevelopedESA9,1,9,2,11
ESA,DevelopedOSESA1,1,4,1,11
ESA,DevelopedOSESA10a,1,4,1,11
ESA,DevelopedOSESA10b,1,4,1,11
ESA,DevelopedOSESA11a,1,2,15,12
ESA,DevelopedOSESA11b,1,2,15,12
ESA,DevelopedOSESA12a,1,2,15,12
ESA,DevelopedOSESA12b,1,2,15,12
ESA,DevelopedOSESA13,1,1,31,12
ESA,DevelopedOSESA14,1,1,31,12
ESA,DevelopedOSESA15a,1,1,31,12
ESA,DevelopedOSESA15b,1,1,31,12
ESA,DevelopedOSESA16a,1,1,31,12
ESA,DevelopedOSESA16b,1,1,31,12
ESA,DevelopedOSESA17a,1,1,31,12
ESA,DevelopedOSESA17b,1,1,31,12
ESA,DevelopedOSESA18a,1,1,31,12
ESA,DevelopedOSESA18b,1,1,31,12
ESA,DevelopedOSESA19a,1,1,31,12
ESA,DevelopedOSESA19b,1,1,31,12
ESA,DevelopedOSESA2,1,4,1,11
ESA,DevelopedOSESA20a,1,1,31,12
ESA,DevelopedOSESA20b,1,1,31,12
ESA,DevelopedOSESA21,1,2,15,12
ESA,DevelopedOSESA3,1,2,15,12
ESA,DevelopedOSESA4,1,4,1,11
ESA,DevelopedOSESA5,1,4,1,11
ESA,DevelopedOSESA6,1,2,15,12
ESA,DevelopedOSESA7,1,4,1,11
ESA,DevelopedOSESA8,1,2,15,12
ESA,DevelopedOSESA9,1,4,1,11
ESA,DevelopedOSsaESA1,1,4,1,11
ESA,DevelopedOSsaESA10a,1,4,1,11
ESA,DevelopedOSsaESA10b,1,4,1,11
ESA,DevelopedOSsaESA11a,1,2,15,12
ESA,DevelopedOSsaESA11b,1,2,15,12
ESA,DevelopedOSsaESA12a,1,2,15,12
ESA,DevelopedOSsaESA12b,1,2,15,12
ESA,DevelopedOSsaESA13,1,1,31,12
ESA,DevelopedOSsaESA14,1,1,31,12
ESA,DevelopedOSsaESA15a,1,1,31,12
ESA,DevelopedOSsaESA15b,1,1,31,12
ESA,DevelopedOSsaESA16a,1,1,31,12
ESA,DevelopedOSsaESA16b,1,1,31,12
ESA,DevelopedOSsaESA17a,1,1,31,12
ESA,DevelopedOSsaESA17b,1,1,31,12
ESA,DevelopedOSsaESA18a,1,1,31,12
ESA,DevelopedOSsaESA18b,1,1,31,12
ESA,DevelopedOSsaESA19a,1,1,31,12
ESA,DevelopedOSsaESA19b,1,1,31,12
ESA,DevelopedOSsaESA2,1,4,1,11
ESA,DevelopedOSsaESA20a,1,1,31,12
ESA,DevelopedOSsaESA20b,1,1,31,12
ESA,DevelopedOSsaESA21,1,2,15,12
ESA,DevelopedOSsaESA3,1,2,15,12
ESA,DevelopedOSsaESA4,1,4,1,11
ESA,DevelopedOSsaESA5,1,4,1,11
ESA,DevelopedOSsaESA6,1,2,15,12
ESA,DevelopedOSsaESA7,1,4,1,11
ESA,DevelopedOSsaESA8,1,2,15,12
ESA,DevelopedOSsaESA9,1,4,1,11
ESA,DevelopedsaESA1,1,9,2,11
ESA,DevelopedsaESA10a,1,9,2,11
ESA,DevelopedsaESA10b,1,9,2,11
ESA,DevelopedsaESA11a,1,9,2,11
ESA,DevelopedsaESA11b,1,9,2,11
ESA,DevelopedsaESA12a,1,9,2,11
ESA,DevelopedsaESA12b,1,9,2,11
ESA,DevelopedsaESA13,1,9,2,11
ESA,DevelopedsaESA14,1,9,2,11
ESA,DevelopedsaESA15a,1,9,2,11
ESA,DevelopedsaESA15b,1,9,2,11
ESA,DevelopedsaESA16a,1,9,2,11
ESA,DevelopedsaESA16b,1,9,2,11
ESA,DevelopedsaESA17a,1,9,2,11
ESA,DevelopedsaESA17b,1,9,2,11
ESA,DevelopedsaESA18a,1,9,2,11
ESA,DevelopedsaESA18b,1,9,2,11
ESA,DevelopedsaESA19a,1,9,2,11
ESA,DevelopedsaESA19b,1,9,2,11
ESA,DevelopedsaESA2,1,9,2,11
ESA,DevelopedsaESA20a,1,9,2,11
ESA,DevelopedsaESA20b,1,9,2,11
ESA,DevelopedsaESA21,1,9,2,11
ESA,DevelopedsaESA3,1,9,2,11
ESA,DevelopedsaESA4,1,9,2,11
ESA,DevelopedsaESA5,1,9,2,11
ESA,DevelopedsaESA6,1,9,2,11
ESA,DevelopedsaESA7,1,9,2,11
ESA,DevelopedsaESA8,1,9,2,11
ESA,DevelopedsaESA9,1,9,2,11
ESA,GolfESA1,1,4,1,11
ESA,GolfESA10a,1,4,1,11
ESA,GolfESA10b,1,4,1,11
ESA,GolfESA11a,1,2,15,12
ESA,GolfESA11b,1,2,15,12
ESA,GolfESA12a,1,2,15,12
ESA,GolfESA12b,1,2,15,12
ESA,GolfESA13,1,1,31,12
ESA,GolfESA14,1,1,31,12
ESA,GolfESA15a,1,1,31,12
ESA,GolfESA15b,1,1,31,12
ESA,GolfESA16a,1,1,31,12
ESA,GolfESA16b,1,1,31,12
ESA,GolfESA17a,1,1,31,12
ESA,GolfESA17b,1,1,31,12
ESA,GolfESA18a,1,1,31,12
ESA,GolfESA18b,1,1,31,12
ESA,GolfESA19a,1,1,31,12
ESA,GolfESA19b,1,1,31,12
ESA,GolfESA2,1,4,1,11
ESA,GolfESA20a,1,1,31,12
ESA,GolfESA20b,1,1,31,12
ESA,GolfESA21,1,2,15,12
ESA,GolfESA3,1,2,15,12
ESA,GolfESA4,1,4,1,11
ESA,GolfESA5,1,4,1,11
ESA,GolfESA6,1,2,15,12
ESA,GolfESA7,1,4,1,11
ESA,GolfESA8,1,2,15,12
ESA,GolfESA9,1,4,1,11
ESA,GolfsaESA1,1,4,1,11
ESA,GolfsaESA10a,1,4,1,11
ESA,GolfsaESA10b,1,4,1,11
ESA,GolfsaESA11a,1,2,15,12
ESA,GolfsaESA11b,1,2,15,12
ESA,GolfsaESA12a,1,2,15,12
ESA,GolfsaESA12b,1,2,15,12
ESA,GolfsaESA13,1,1,31,12
ESA,GolfsaESA14,1,1,31,12
ESA,GolfsaESA15a,1,1,31,12
ESA,GolfsaESA15b,1,1,31,12
ESA,GolfsaESA16a,1,1,31,12
ESA,GolfsaESA16b,1,1,31,12
ESA,GolfsaESA17a,1,1,31,12
ESA,GolfsaESA17b,1,1,31,12
ESA,GolfsaESA18a,1,1,31,12
ESA,GolfsaESA18b,1,1,31,12
ESA,GolfsaESA19a,1,1,31,12
ESA,GolfsaESA19b,1,1,31,12
ESA,GolfsaESA2,1,4,1,11
ESA,GolfsaESA20a,1,1,31,12
ESA,GolfsaESA20b,1,1,31,12
ESA,GolfsaESA21,1,2,15,12
ESA,GolfsaESA3,1,2,15,12
ESA,GolfsaESA4,1,4,1,11
ESA,GolfsaESA5,1,4,1,11
ESA,GolfsaESA6,1,2,15,12
ESA,GolfsaESA7,1,4,1,11
ESA,GolfsaESA8,1,2,15,12
ESA,GolfsaESA9,1,4,1,11
ESA,GrapesESA1,1,6,15,10
ESA,GrapesESA10a,1,6,15,10
ESA,GrapesESA10b,1,6,15,10
ESA,GrapesESA11a,1,6,15,10
ESA,GrapesESA11b,1,6,15,10
ESA,GrapesESA12a,1,6,15,10
ESA,GrapesESA12b,1,6,15,10
ESA,GrapesESA13,1,6,15,10
ESA,GrapesESA14,1,6,15,10
ESA,GrapesESA15a,1,2,31,8
ESA,GrapesESA15b,1,2,31,8
ESA,GrapesESA16a,1,2,31,8
ESA,GrapesESA16b,1,2,31,8
ESA,GrapesESA17a,1,4,1,9
ESA,GrapesESA17b,1,4,1,9
ESA,GrapesESA18a,1,2,31,8
ESA,GrapesESA18b,1,2,31,8
ESA,GrapesESA2,1,6,15,10
ESA,GrapesESA20a,1,2,31,8
ESA,GrapesESA20b,1,2,31,8
ESA,GrapesESA3,1,6,15,10
ESA,GrapesESA4,1,6,15,10
ESA,GrapesESA5,1,6,15,10
ESA,GrapesESA6,1,6,15,10
ESA,GrapesESA7,1,6,15,10
ESA,GrapesESA8,1,6,15,10
ESA,GrapesESA9,1,6,15,10
ESA,GrapessaESA1,1,6,15,10
ESA,GrapessaESA10a,1,6,15,10
ESA,GrapessaESA10b,1,6,15,10
ESA,GrapessaESA11a,1,6,15,10
ESA,GrapessaESA11b,1,6,15,10
ESA,GrapessaESA12a,1,6,15,10
ESA,GrapessaESA12b,1,6,15,10
ESA,GrapessaESA13,1,6,15,10
ESA,GrapessaESA14,1,6,15,10
ESA,GrapessaESA15a,1,2,31,8
ESA,GrapessaESA15b,1,2,31,8
ESA,GrapessaESA16a,1,2,31,8
ESA,GrapessaESA16b,1,2,31,8
ESA,GrapessaESA17a,1,4,1,9
ESA,GrapessaESA17b,1,4,1,9
ESA,GrapessaESA18a,1,2,31,8
ESA,GrapessaESA18b,1,2,31,8
ESA,GrapessaESA2,1,6,15,10
ESA,GrapessaESA20a,1,2,31,8
ESA,GrapessaESA20b,1,2,31,8
ESA,GrapessaESA3,1,6,15,10
ESA,GrapessaESA4,1,6,15,10
ESA,GrapessaESA5,1,6,15,10
ESA,GrapessaESA6,1,6,15,10
ESA,GrapessaESA7,1,6,15,10
ESA,GrapessaESA8,1,6,15,10
ESA,GrapessaESA9,1,6,15,10
ESA,GrasslandESA1,1,6,30,8
ESA,GrasslandESA10a,1,6,30,8
ESA,GrasslandESA10b,1,6,30,8
ESA,GrasslandESA11a,1,9,1,8
ESA,GrasslandESA11b,1,9,1,8
ESA,GrasslandESA12a,1,9,1,8
ESA,GrasslandESA12b,1,9,1,8
ESA,GrasslandESA13,1,9,1,8
ESA,GrasslandESA14,1,9,1,8
ESA,GrasslandESA15a,1,9,1,8
ESA,GrasslandESA15b,1,9,1,8
ESA,GrasslandESA16a,1,9,1,8
ESA,GrasslandESA16b,1,9,1,8
ESA,GrasslandESA17a,1,9,1,7
ESA,GrasslandESA17b,1,9,1,7
ESA,GrasslandESA18a,1,11,1,5
ESA,GrasslandESA18b,1,11,1,5
ESA,GrasslandESA19a,1,9,1,7
ESA,GrasslandESA19b,1,9,1,7
ESA,GrasslandESA2,1,4,1,11
ESA,GrasslandESA20a,1,2,15,12
ESA,GrasslandESA20b,1,2,15,12
ESA,GrasslandESA21,1,2,15,12
ESA,GrasslandESA3,1,4,28,8
ESA,GrasslandESA4,1,4,1,11
ESA,GrasslandESA5,1,6,30,8
ESA,GrasslandESA6,1,4,28,8
ESA,GrasslandESA7,1,6,30,8
ESA,GrasslandESA8,1,9,1,8
ESA,GrasslandESA9,1,6,30,8
ESA,GrasslandsaESA1,1,6,30,8
ESA,GrasslandsaESA10a,1,6,30,8
ESA,GrasslandsaESA10b,1,6,30,8
ESA,GrasslandsaESA11a,1,9,1,8
ESA,GrasslandsaESA11b,1,9,1,8
ESA,GrasslandsaESA12a,1,9,1,8
ESA,GrasslandsaESA12b,1,9,1,8
ESA,GrasslandsaESA13,1,9,1,8
ESA,GrasslandsaESA14,1,9,1,8
ESA,GrasslandsaESA15a,1,9,1,8
ESA,GrasslandsaESA15b,1,9,1,8
ESA,GrasslandsaESA16a,1,9,1,8
ESA,GrasslandsaESA16b,1,9,1,8
ESA,GrasslandsaESA17a,1,9,1,7
ESA,GrasslandsaESA17b,1,9,1,7
ESA,GrasslandsaESA18a,1,11,1,5
ESA,GrasslandsaESA18b,1,11,1,5
ESA,GrasslandsaESA19a,1,9,1,7
ESA,GrasslandsaESA19b,1,9,1,7
ESA,GrasslandsaESA2,1,4,1,11
ESA,GrasslandsaESA20a,1,2,15,12
ESA,GrasslandsaESA20b,1,2,15,12
ESA,GrasslandsaESA21,1,2,15,12
ESA,GrasslandsaESA3,1,4,28,8
ESA,GrasslandsaESA4,1,4,1,11
ESA,GrasslandsaESA5,1,6,30,8
ESA,GrasslandsaESA6,1,4,28,8
ESA,GrasslandsaESA7,1,6,30,8
ESA,GrasslandsaESA8,1,9,1,8
ESA,GrasslandsaESA9,1,6,30,8
ESA,ImperviousESA1,1,1,31,12
ESA,ImperviousESA10a,1,1,31,12
ESA,ImperviousESA10b,1,1,31,12
ESA,ImperviousESA11a,1,1,31,12
ESA,ImperviousESA11b,1,1,31,12
ESA,ImperviousESA12a,1,1,31,12
ESA,ImperviousESA12b,1,1,31,12
ESA,ImperviousESA13,1,1,31,12
ESA,ImperviousESA14,1,1,31,12
ESA,ImperviousESA15a,1,1,31,12
ESA,ImperviousESA15b,1,1,31,12
ESA,ImperviousESA16a,1,1,31,12
ESA,ImperviousESA16b,1,1,31,12
ESA,ImperviousESA17a,1,1,31,12
ESA,ImperviousESA17b,1,1,31,12
ESA,ImperviousESA18a,1,1,31,12
ESA,ImperviousESA18b,1,1,31,12
ESA,ImperviousESA19a,1,1,31,12
ESA,ImperviousESA19b,1,1,31,12
ESA,ImperviousESA2,1,1,31,12
ESA,ImperviousESA20a,1,1,31,12
ESA,ImperviousESA20b,1,1,31,12
ESA,ImperviousESA21,1,1,31,12
ESA,ImperviousESA3,1,1,31,12
ESA,ImperviousESA4,1,1,31,12
ESA,ImperviousESA5,1,1,31,12
ESA,ImperviousESA6,1,1,31,12
ESA,ImperviousESA7,1,1,31,12
ESA,ImperviousESA8,1,1,31,12
ESA,ImperviousESA9,1,1,31,12
ESA,ImpervioussaESA1,1,1,31,12
ESA,ImpervioussaESA10a,1,1,31,12
ESA,ImpervioussaESA10b,1,1,31,12
ESA,ImpervioussaESA11a,1,1,31,12
ESA,ImpervioussaESA11b,1,1,31,12
ESA,ImpervioussaESA12a,1,1,31,12
ESA,ImpervioussaESA12b,1,1,31,12
ESA,ImpervioussaESA13,1,1,31,12
ESA,ImpervioussaESA14,1,1,31,12
ESA,ImpervioussaESA15a,1,1,31,12
ESA,ImpervioussaESA15b,1,1,31,12
ESA,ImpervioussaESA16a,1,1,31,12
ESA,ImpervioussaESA16b,1,1,31,12
ESA,ImpervioussaESA17a,1,1,31,12
ESA,ImpervioussaESA17b,1,1,31,12
ESA,ImpervioussaESA18a,1,1,31,12
ESA,ImpervioussaESA18b,1,1,31,12
ESA,ImpervioussaESA19a,1,1,31,12
ESA,ImpervioussaESA19b,1,1,31,12
ESA,ImpervioussaESA2,1,1,31,12
ESA,ImpervioussaESA20a,1,1,31,12
ESA,ImpervioussaESA20b,1,1,31,12
ESA,ImpervioussaESA21,1,1,31,12
ESA,ImpervioussaESA3,1,1,31,12
ESA,ImpervioussaESA4,1,1,31,12
ESA,ImpervioussaESA5,1,1,31,12
ESA,ImpervioussaESA6,1,1,31,12
ESA,ImpervioussaESA7,1,1,31,12
ESA,ImpervioussaESA8,1,1,31,12
ESA,ImpervioussaESA9,1,1,31,12
ESA,NSLandcoverESA1,1,1,31,12
ESA,NSLandcoverESA10a,16,3,22,10
ESA,NSLandcoverESA10b,16,3,22,10
ESA,NSLandcoverESA11a,16,3,22,10
ESA,NSLandcoverESA11b,16,3,22,10
ESA,NSLandcoverESA12a,1,1,31,12
ESA,NSLandcoverESA12b,1,1,31,12
ESA,NSLandcoverESA13,1,1,31,12
ESA,NSLandcoverESA14,16,3,22,10
ESA,NSLandcoverESA15a,1,1,31,12
ESA,NSLandcoverESA15b,1,1,31,12
ESA,NSLandcoverESA16a,1,3,1,11
ESA,NSLandcoverESA16b,1,3,1,11
ESA,NSLandcoverESA17a,1,1,31,12
ESA,NSLandcoverESA17b,1,1,31,12
ESA,NSLandcoverESA18a,1,3,1,11
ESA,NSLandcoverESA18b,1,3,1,11
ESA,NSLandcoverESA19a,1,1,31,12
ESA,NSLandcoverESA19b,1,1,31,12
ESA,NSLandcoverESA2,1,1,31,12
ESA,NSLandcoverESA20a,1,1,31,12
ESA,NSLandcoverESA20b,1,1,31,12
ESA,NSLandcoverESA21,1,1,31,12
ESA,NSLandcoverESA3,1,1,31,12
ESA,NSLandcoverESA4,1,1,31,12
ESA,NSLandcoverESA5,1,1,31,12
ESA,NSLandcoverESA6,16,3,22,10
ESA,NSLandcoverESA7,16,3,22,10
ESA,NSLandcoverESA8,1,1,31,12
ESA,NSLandcoverESA9,1,1,31,12
ESA,NSLandcoversaESA1,1,1,31,12
ESA,NSLandcoversaESA10a,16,3,22,10
ESA,NSLandcoversaESA10b,16,3,22,10
ESA,NSLandcoversaESA11a,16,3,22,10
ESA,NSLandcoversaESA11b,16,3,22,10
ESA,NSLandcoversaESA12a,1,1,31,12
ESA,NSLandcoversaESA12b,1,1,31,12
ESA,NSLandcoversaESA13,1,1,31,12
ESA,NSLandcoversaESA14,16,3,22,10
ESA,NSLandcoversaESA15a,1,1,31,12
ESA,NSLandcoversaESA15b,1,1,31,12
ESA,NSLandcoversaESA16a,1,3,1,11
ESA,NSLandcoversaESA16b,1,3,1,11
ESA,NSLandcoversaESA17a,1,1,31,12
ESA,NSLandcoversaESA17b,1,1,31,12
ESA,NSLandcoversaESA18a,1,3,1,11
ESA,NSLandcoversaESA18b,1,3,1,11
ESA,NSLandcoversaESA19a,1,1,31,12
ESA,NSLandcoversaESA19b,1,1,31,12
ESA,NSLandcoversaESA2,1,1,31,12
ESA,NSLandcoversaESA20a,1,1,31,12
ESA,NSLandcoversaESA20b,1,1,31,12
ESA,NSLandcoversaESA21,1,1,31,12
ESA,NSLandcoversaESA3,1,1,31,12
ESA,NSLandcoversaESA4,1,1,31,12
ESA,NSLandcoversaESA5,1,1,31,12
ESA,NSLandcoversaESA6,16,3,22,10
ESA,NSLandcoversaESA7,16,3,22,10
ESA,NSLandcoversaESA8,1,1,31,12
ESA,NSLandcoversaESA9,1,1,31,12
ESA,OrchardESA1,16,4,15,10
ESA,OrchardESA10a,1,3,10,11
ESA,OrchardESA10b,1,3,10,11
ESA,OrchardESA11a,1,4,16,11
ESA,OrchardESA11b,1,4,16,11
ESA,OrchardESA12a,1,4,16,11
ESA,OrchardESA12b,1,4,16,11
ESA,OrchardESA13,1,4,16,11
ESA,OrchardESA14,1,4,16,11
ESA,OrchardESA15a,16,1,13,9
ESA,OrchardESA15b,16,1,13,9
ESA,OrchardESA16a,16,1,13,9
ESA,OrchardESA16b,16,1,13,9
ESA,OrchardESA17a,1,4,31,10
ESA,OrchardESA17b,1,4,31,10
ESA,OrchardESA18a,16,1,13,9
ESA,OrchardESA18b,16,1,13,9
ESA,OrchardESA19a,1,4,31,10
ESA,OrchardESA19b,1,4,31,10
ESA,OrchardESA2,16,4,15,10
ESA,OrchardESA20a,16,1,13,9
ESA,OrchardESA20b,16,1,13,9
ESA,OrchardESA21,1,1,31,12
ESA,OrchardESA3,1,4,25,10
ESA,OrchardESA4,1,5,21,7
ESA,OrchardESA5,16,4,15,10
ESA,OrchardESA6,1,4,25,10
ESA,OrchardESA7,1,5,21,7
ESA,OrchardESA8,1,4,25,10
ESA,OrchardESA9,1,5,21,7
ESA,OrchardsaESA1,16,4,15,10
ESA,OrchardsaESA10a,1,3,10,11
ESA,OrchardsaESA10b,1,3,10,11
ESA,OrchardsaESA11a,1,4,16,11
ESA,OrchardsaESA11b,1,4,16,11
ESA,OrchardsaESA12a,1,4,16,11
ESA,OrchardsaESA12b,1,4,16,11
ESA,OrchardsaESA13,1,4,16,11
ESA,OrchardsaESA14,1,4,16,11
ESA,OrchardsaESA15a,16,1,13,9
ESA,OrchardsaESA15b,16,1,13,9
ESA,OrchardsaESA16a,16,1,13,9
ESA,OrchardsaESA16b,16,1,13,9
ESA,OrchardsaESA17a,1,4,31,10
ESA,OrchardsaESA17b,1,4,31,10
ESA,OrchardsaESA18a,16,1,13,9
ESA,OrchardsaESA18b,16,1,13,9
ESA,OrchardsaESA19a,1,4,31,10
ESA,OrchardsaESA19b,1,4,31,10
ESA,OrchardsaESA2,16,4,15,10
ESA,OrchardsaESA20a,16,1,13,9
ESA,OrchardsaESA20b,16,1,13,9
ESA,OrchardsaESA21,1,1,31,12
ESA,OrchardsaESA3,1,4,25,10
ESA,OrchardsaESA4,1,5,21,7
ESA,OrchardsaESA5,16,4,15,10
ESA,OrchardsaESA6,1,4,25,10
ESA,OrchardsaESA7,1,5,21,7
ESA,OrchardsaESA8,1,4,25,10
ESA,OrchardsaESA9,1,5,21,7
ESA,OtherCropESA1,1,6,30,8
ESA,OtherCropESA10a,1,6,30,8
ESA,OtherCropESA10b,1,6,30,8
ESA,OtherCropESA11a,1,9,1,8
ESA,OtherCropESA11b,1,9,1,8
ESA,OtherCropESA12a,1,9,1,8
ESA,OtherCropESA12b,1,9,1,8
ESA,OtherCropESA13,1,9,1,8
ESA,OtherCropESA14,1,9,1,8
ESA,OtherCropESA15a,1,9,1,8
ESA,OtherCropESA15b,1,9,1,8
ESA,OtherCropESA16a,1,9,1,8
ESA,OtherCropESA16b,1,9,1,8
ESA,OtherCropESA17a,1,9,1,7
ESA,OtherCropESA17b,1,9,1,7
ESA,OtherCropESA18a,1,11,1,5
ESA,OtherCropESA18b,1,11,1,5
ESA,OtherCropESA19a,1,9,1,7
ESA,OtherCropESA19b,1,9,1,7
ESA,OtherCropESA2,1,4,1,11
ESA,OtherCropESA20a,1,2,15,12
ESA,OtherCropESA20b,1,2,15,12
ESA,OtherCropESA3,1,4,28,8
ESA,OtherCropESA4,1,4,1,11
ESA,OtherCropESA5,1,6,30,8
ESA,OtherCropESA6,1,4,28,8
ESA,OtherCropESA7,1,6,30,8
ESA,OtherCropESA8,1,9,1,8
ESA,OtherCropESA9,1,6,30,8
ESA,OtherCropsaESA1,1,6,30,8
ESA,OtherCropsaESA10a,1,6,30,8
ESA,OtherCropsaESA10b,1,6,30,8
ESA,OtherCropsaESA11a,1,9,1,8
ESA,OtherCropsaESA11b,1,9,1,8
ESA,OtherCropsaESA12a,1,9,1,8
ESA,OtherCropsaESA12b,1,9,1,8
ESA,OtherCropsaESA13,1,9,1,8
ESA,OtherCropsaESA14,1,9,1,8
ESA,OtherCropsaESA15a,1,9,1,8
ESA,OtherCropsaESA15b,1,9,1,8
ESA,OtherCropsaESA16a,1,9,1,8
ESA,OtherCropsaESA16b,1,9,1,8
ESA,OtherCropsaESA17a,1,9,1,7
ESA,OtherCropsaESA17b,1,9,1,7
ESA,OtherCropsaESA18a,1,11,1,5
ESA,OtherCropsaESA18b,1,11,1,5
ESA,OtherCropsaESA19a,1,9,1,7
ESA,OtherCropsaESA19b,1,9,1,7
ESA,OtherCropsaESA2,1,4,1,11
ESA,OtherCropsaESA20a,1,2,15,12
ESA,OtherCropsaESA20b,1,2,15,12
ESA,OtherCropsaESA3,1,4,28,8
ESA,OtherCropsaESA4,1,4,1,11
ESA,OtherCropsaESA5,1,6,30,8
ESA,OtherCropsaESA6,1,4,28,8
ESA,OtherCropsaESA7,1,6,30,8
ESA,OtherCropsaESA8,1,9,1,8
ESA,OtherCropsaESA9,1,6,30,8
ESA,OtherGrainESA1,16,4,1,11
ESA,OtherGrainESA10a,20,5,1,10
ESA,OtherGrainESA10b,20,5,1,10
ESA,OtherGrainESA11a,16,10,17,6
ESA,OtherGrainESA11b,16,10,17,6
ESA,OtherGrainESA12a,16,10,17,6
ESA,OtherGrainESA12b,16,10,17,6
ESA,OtherGrainESA13,1,6,30,8
ESA,OtherGrainESA14,1,6,30,8
ESA,OtherGrainESA15a,1,6,30,8
ESA,OtherGrainESA15b,1,6,30,8
ESA,OtherGrainESA16a,1,6,30,8
ESA,OtherGrainESA16b,1,6,30,8
ESA,OtherGrainESA17a,1,9,1,7
ESA,OtherGrainESA17b,1,9,1,7
ESA,OtherGrainESA18a,1,1,15,6
ESA,OtherGrainESA18b,1,1,15,6
ESA,OtherGrainESA19a,1,9,1,7
ESA,OtherGrainESA19b,1,9,1,7
ESA,OtherGrainESA2,16,4,1,11
ESA,OtherGrainESA20a,1,1,31,12
ESA,OtherGrainESA20b,1,1,31,12
ESA,OtherGrainESA3,1,1,31,12
ESA,OtherGrainESA4,1,6,30,8
ESA,OtherGrainESA5,20,5,1,10
ESA,OtherGrainESA6,1,4,28,8
ESA,OtherGrainESA7,1,6,30,8
ESA,OtherGrainESA8,1,1,31,12
ESA,OtherGrainESA9,16,5,25,8
ESA,OtherGrainsaESA1,16,4,1,11
ESA,OtherGrainsaESA10a,20,5,1,10
ESA,OtherGrainsaESA10b,20,5,1,10
ESA,OtherGrainsaESA11a,16,10,17,6
ESA,OtherGrainsaESA11b,16,10,17,6
ESA,OtherGrainsaESA12a,16,10,17,6
ESA,OtherGrainsaESA12b,16,10,17,6
ESA,OtherGrainsaESA13,1,6,30,8
ESA,OtherGrainsaESA14,1,6,30,8
ESA,OtherGrainsaESA15a,1,6,30,8
ESA,OtherGrainsaESA15b,1,6,30,8
ESA,OtherGrainsaESA16a,1,6,30,8
ESA,OtherGrainsaESA16b,1,6,30,8
ESA,OtherGrainsaESA17a,1,9,1,7
ESA,OtherGrainsaESA17b,1,9,1,7
ESA,OtherGrainsaESA18a,1,1,15,6
ESA,OtherGrainsaESA18b,1,1,15,6
ESA,OtherGrainsaESA19a,1,9,1,7
ESA,OtherGrainsaESA19b,1,9,1,7
ESA,OtherGrainsaESA2,16,4,1,11
ESA,OtherGrainsaESA20a,1,1,31,12
ESA,OtherGrainsaESA20b,1,1,31,12
ESA,OtherGrainsaESA3,1,1,31,12
ESA,OtherGrainsaESA4,1,6,30,8
ESA,OtherGrainsaESA5,20,5,1,10
ESA,OtherGrainsaESA6,1,4,28,8
ESA,OtherGrainsaESA7,1,6,30,8
ESA,OtherGrainsaESA8,1,1,31,12
ESA,OtherGrainsaESA9,16,5,25,8
ESA,OtherRowESA1,1,6,5,10
ESA,OtherRowESA10a,10,5,20,10
ESA,OtherRowESA10b,10,5,20,10
ESA,OtherRowESA11a,25,5,20,10
ESA,OtherRowESA11b,25,5,20,10
ESA,OtherRowESA12a,1,3,1,7
ESA,OtherRowESA12b,1,3,1,7
ESA,OtherRowESA13,1,3,1,7
ESA,OtherRowESA14,1,3,1,7
ESA,OtherRowESA15a,1,3,1,7
ESA,OtherRowESA15b,1,3,1,7
ESA,OtherRowESA16a,1,3,1,7
ESA,OtherRowESA16b,1,3,1,7
ESA,OtherRowESA17a,1,4,1,9
ESA,OtherRowESA17b,1,4,1,9
ESA,OtherRowESA18a,1,1,8,4
ESA,OtherRowESA18b,1,1,8,4
ESA,OtherRowESA2,1,5,21,7
ESA,OtherRowESA20a,1,1,1,5
ESA,OtherRowESA20b,1,1,1,5
ESA,OtherRowESA3,16,5,10,10
ESA,OtherRowESA4,30,4,15,8
ESA,OtherRowESA5,16,5,10,10
ESA,OtherRowESA6,25,4,17,9
ESA,OtherRowESA7,1,5,20,10
ESA,OtherRowESA8,10,4,31,7
ESA,OtherRowESA9,16,5,15,10
ESA,OtherRowsaESA1,1,6,5,10
ESA,OtherRowsaESA10a,10,5,20,10
ESA,OtherRowsaESA10b,10,5,20,10
ESA,OtherRowsaESA11a,25,5,20,10
ESA,OtherRowsaESA11b,25,5,20,10
ESA,OtherRowsaESA12a,1,3,1,7
ESA,OtherRowsaESA12b,1,3,1,7
ESA,OtherRowsaESA13,1,3,1,7
ESA,OtherRowsaESA14,1,3,1,7
ESA,OtherRowsaESA15a,1,3,1,7
ESA,OtherRowsaESA15b,1,3,1,7
ESA,OtherRowsaESA16a,1,3,1,7
ESA,OtherRowsaESA16b,1,3,1,7
ESA,OtherRowsaESA17a,1,4,1,9
ESA,OtherRowsaESA17b,1,4,1,9
ESA,OtherRowsaESA18a,1,1,8,4
ESA,OtherRowsaESA18b,1,1,8,4
ESA,OtherRowsaESA2,1,5,21,7
ESA,OtherRowsaESA20a,1,1,1,5
ESA,OtherRowsaESA20b,1,1,1,5
ESA,OtherRowsaESA3,16,5,10,10
ESA,OtherRowsaESA4,30,4,15,8
ESA,OtherRowsaESA5,16,5,10,10
ESA,OtherRowsaESA6,25,4,17,9
ESA,OtherRowsaESA7,1,5,20,10
ESA,OtherRowsaESA8,10,4,31,7
ESA,OtherRowsaESA9,16,5,15,10
ESA,OtherTreeESA1,1,6,15,10
ESA,OtherTreeESA10a,1,1,31,12
ESA,OtherTreeESA10b,1,1,31,12
ESA,OtherTreeESA11a,1,1,31,12
ESA,OtherTreeESA11b,1,1,31,12
ESA,OtherTreeESA12a,1,4,16,11
ESA,OtherTreeESA12b,1,4,16,11
ESA,OtherTreeESA13,1,4,16,11
ESA,OtherTreeESA14,1,4,16,11
ESA,OtherTreeESA15a,1,1,31,12
ESA,OtherTreeESA15b,1,1,31,12
ESA,OtherTreeESA16a,1,1,31,12
ESA,OtherTreeESA16b,1,1,31,12
ESA,OtherTreeESA17a,1,1,31,12
ESA,OtherTreeESA17b,1,1,31,12
ESA,OtherTreeESA18a,16,1,13,9
ESA,OtherTreeESA18b,16,1,13,9
ESA,OtherTreeESA19a,1,1,31,12
ESA,OtherTreeESA19b,1,1,31,12
ESA,OtherTreeESA2,16,4,15,10
ESA,OtherTreeESA20a,1,1,31,12
ESA,OtherTreeESA20b,1,1,31,12
ESA,OtherTreeESA21,1,1,31,12
ESA,OtherTreeESA3,1,1,31,12
ESA,OtherTreeESA4,1,5,21,7
ESA,OtherTreeESA5,16,4,15,10
ESA,OtherTreeESA6,1,4,25,10
ESA,OtherTreeESA7,1,1,31,12
ESA,OtherTreeESA8,1,1,31,12
ESA,OtherTreeESA9,1,5,21,7
ESA,OtherTreesaESA1,1,6,15,10
ESA,OtherTreesaESA10a,1,1,31,12
ESA,OtherTreesaESA10b,1,1,31,12
ESA,OtherTreesaESA11a,1,1,31,12
ESA,OtherTreesaESA11b,1,1,31,12
ESA,OtherTreesaESA12a,1,4,16,11
ESA,OtherTreesaESA12b,1,4,16,11
ESA,OtherTreesaESA13,1,4,16,11
ESA,OtherTreesaESA14,1,4,16,11
ESA,OtherTreesaESA15a,1,1,31,12
ESA,OtherTreesaESA15b,1,1,31,12
ESA,OtherTreesaESA16a,1,1,31,12
ESA,OtherTreesaESA16b,1,1,31,12
ESA,OtherTreesaESA17a,1,1,31,12
ESA,OtherTreesaESA17b,1,1,31,12
ESA,OtherTreesaESA18a,16,1,13,9
ESA,OtherTreesaESA18b,16,1,13,9
ESA,OtherTreesaESA19a,1,1,31,12
ESA,OtherTreesaESA19b,1,1,31,12
ESA,OtherTreesaESA2,16,4,15,10
ESA,OtherTreesaESA20a,1,1,31,12
ESA,OtherTreesaESA20b,1,1,31,12
ESA,OtherTreesaESA21,1,1,31,12
ESA,OtherTreesaESA3,1,1,31,12
ESA,OtherTreesaESA4,1,5,21,7
ESA,OtherTreesaESA5,16,4,15,10
ESA,OtherTreesaESA6,1,4,25,10
ESA,OtherTreesaESA7,1,1,31,12
ESA,OtherTreesaESA8,1,1,31,12
ESA,OtherTreesaESA9,1,5,21,7
ESA,RangelandESA1,1,6,30,8
ESA,RangelandESA10a,1,6,30,8
ESA,RangelandESA10b,1,6,30,8
ESA,RangelandESA11a,1,9,1,8
ESA,RangelandESA11b,1,9,1,8
ESA,RangelandESA12a,1,9,1,8
ESA,RangelandESA12b,1,9,1,8
ESA,RangelandESA13,1,9,1,8
ESA,RangelandESA14,1,9,1,8
ESA,RangelandESA15a,1,9,1,8
ESA,RangelandESA15b,1,9,1,8
ESA,RangelandESA16a,1,9,1,8
ESA,RangelandESA16b,1,9,1,8
ESA,RangelandESA17a,1,9,1,7
ESA,RangelandESA17b,1,9,1,7
ESA,RangelandESA18a,1,11,1,5
ESA,RangelandESA18b,1,11,1,5
ESA,RangelandESA19a,1,9,1,7
ESA,RangelandESA19b,1,9,1,7
ESA,RangelandESA2,1,4,1,11
ESA,RangelandESA20a,1,2,15,12
ESA,RangelandESA20b,1,2,15,12
ESA,RangelandESA21,1,2,15,12
ESA,RangelandESA3,1,4,28,8
ESA,RangelandESA4,1,4,1,11
ESA,RangelandESA5,1,6,30,8
ESA,RangelandESA6,1,4,28,8
ESA,RangelandESA7,1,6,30,8
ESA,RangelandESA8,1,9,1,8
ESA,RangelandESA9,1,6,30,8
ESA,RangelandsaESA1,1,6,30,8
ESA,RangelandsaESA10a,1,6,30,8
ESA,RangelandsaESA10b,1,6,30,8
ESA,RangelandsaESA11a,1,9,1,8
ESA,RangelandsaESA11b,1,9,1,8
ESA,RangelandsaESA12a,1,9,1,8
ESA,RangelandsaESA12b,1,9,1,8
ESA,RangelandsaESA13,1,9,1,8
ESA,RangelandsaESA14,1,9,1,8
ESA,RangelandsaESA15a,1,9,1,8
ESA,RangelandsaESA15b,1,9,1,8
ESA,RangelandsaESA16a,1,9,1,8
ESA,RangelandsaESA16b,1,9,1,8
ESA,RangelandsaESA17a,1,9,1,7
ESA,RangelandsaESA17b,1,9,1,7
ESA,RangelandsaESA18a,1,11,1,5
ESA,RangelandsaESA18b,1,11,1,5
ESA,RangelandsaESA19a,1,9,1,7
ESA,RangelandsaESA19b,1,9,1,7
ESA,RangelandsaESA2,1,4,1,11
ESA,RangelandsaESA20a,1,2,15,12
ESA,RangelandsaESA20b,1,2,15,12
ESA,RangelandsaESA21,1,2,15,12
ESA,RangelandsaESA3,1,4,28,8
ESA,RangelandsaESA4,1,4,1,11
ESA,RangelandsaESA5,1,6,30,8
ESA,RangelandsaESA6,1,4,28,8
ESA,RangelandsaESA7,1,6,30,8
ESA,RangelandsaESA8,1,9,1,8
ESA,RangelandsaESA9,1,6,30,8
ESA,ResidentialESA1,1,1,31,12
ESA,ResidentialESA10a,1,1,31,12
ESA,ResidentialESA10b,1,1,31,12
ESA,ResidentialESA11a,1,1,31,12
ESA,ResidentialESA11b,1,1,31,12
ESA,ResidentialESA12a,1,1,31,12
ESA,ResidentialESA12b,1,1,31,12
ESA,ResidentialESA13,1,1,31,12
ESA,ResidentialESA14,1,1,31,12
ESA,ResidentialESA15a,1,1,31,12
ESA,ResidentialESA15b,1,1,31,12
ESA,ResidentialESA16a,1,1,31,12
ESA,ResidentialESA16b,1,1,31,12
ESA,ResidentialESA17a,1,1,31,12
ESA,ResidentialESA17b,1,1,31,12
ESA,ResidentialESA18a,1,1,31,12
ESA,ResidentialESA18b,1,1,31,12
ESA,ResidentialESA19a,1,1,31,12
ESA,ResidentialESA19b,1,1,31,12
ESA,ResidentialESA2,1,1,31,12
ESA,ResidentialESA20a,1,1,31,12
ESA,ResidentialESA20b,1,1,31,12
ESA,ResidentialESA21,1,1,31,12
ESA,ResidentialESA3,1,1,31,12
ESA,ResidentialESA4,1,1,31,12
ESA,ResidentialESA5,1,1,31,12
ESA,ResidentialESA6,1,1,31,12
ESA,ResidentialESA7,1,1,31,12
ESA,ResidentialESA8,1,1,31,12
ESA,ResidentialESA9,1,1,31,12
ESA,ResidentialsaESA1,1,1,31,12
ESA,ResidentialsaESA10a,1,1,31,12
ESA,ResidentialsaESA10b,1,1,31,12
ESA,ResidentialsaESA11a,1,1,31,12
ESA,ResidentialsaESA11b,1,1,31,12
ESA,ResidentialsaESA12a,1,1,31,12
ESA,ResidentialsaESA12b,1,1,31,12
ESA,ResidentialsaESA13,1,1,31,12
ESA,ResidentialsaESA14,1,1,31,12
ESA,ResidentialsaESA15a,1,1,31,12
ESA,ResidentialsaESA15b,1,1,31,12
ESA,ResidentialsaESA16a,1,1,31,12
ESA,ResidentialsaESA16b,1,1,31,12
ESA,ResidentialsaESA17a,1,1,31,12
ESA,ResidentialsaESA17b,1,1,31,12
ESA,ResidentialsaESA18a,1,1,31,12
ESA,ResidentialsaESA18b,1,1,31,12
ESA,ResidentialsaESA19a,1,1,31,12
ESA,ResidentialsaESA19b,1,1,31,12
ESA,ResidentialsaESA2,1,1,31,12
ESA,ResidentialsaESA20a,1,1,31,12
ESA,ResidentialsaESA20b,1,1,31,12
ESA,ResidentialsaESA21,1,1,31,12
ESA,ResidentialsaESA3,1,1,31,12
ESA,ResidentialsaESA4,1,1,31,12
ESA,ResidentialsaESA5,1,1,31,12
ESA,ResidentialsaESA6,1,1,31,12
ESA,ResidentialsaESA7,1,1,31,12
ESA,ResidentialsaESA8,1,1,31,12
ESA,ResidentialsaESA9,1,1,31,12
ESA,ROWESA1,1,9,2,11
ESA,ROWESA10a,1,9,2,11
ESA,ROWESA10b,1,9,2,11
ESA,ROWESA11a,1,9,2,11
ESA,ROWESA11b,1,9,2,11
ESA,ROWESA12a,1,9,2,11
ESA,ROWESA12b,1,9,2,11
ESA,ROWESA13,1,9,2,11
ESA,ROWESA14,1,9,2,11
ESA,ROWESA15a,1,9,2,11
ESA,ROWESA15b,1,9,2,11
ESA,ROWESA16a,1,9,2,11
ESA,ROWESA16b,1,9,2,11
ESA,ROWESA17a,1,9,2,11
ESA,ROWESA17b,1,9,2,11
ESA,ROWESA18a,1,9,2,11
ESA,ROWESA18b,1,9,2,11
ESA,ROWESA19a,1,9,2,11
ESA,ROWESA19b,1,9,2,11
ESA,ROWESA2,1,9,2,11
ESA,ROWESA20a,1,9,2,11
ESA,ROWESA20b,1,9,2,11
ESA,ROWESA21,1,9,2,11
ESA,ROWESA3,1,9,2,11
ESA,ROWESA4,1,9,2,11
ESA,ROWESA5,1,9,2,11
ESA,ROWESA6,1,9,2,11
ESA,ROWESA7,1,9,2,11
ESA,ROWESA8,1,9,2,11
ESA,ROWESA9,1,9,2,11
ESA,ROWsaESA1,1,9,2,11
ESA,ROWsaESA10a,1,9,2,11
ESA,ROWsaESA10b,1,9,2,11
ESA,ROWsaESA11a,1,9,2,11
ESA,ROWsaESA11b,1,9,2,11
ESA,ROWsaESA12a,1,9,2,11
ESA,ROWsaESA12b,1,9,2,11
ESA,ROWsaESA13,1,9,2,11
ESA,ROWsaESA14,1,9,2,11
ESA,ROWsaESA15a,1,9,2,11
ESA,ROWsaESA15b,1,9,2,11
ESA,ROWsaESA16a,1,9,2,11
ESA,ROWsaESA16b,1,9,2,11
ESA,ROWsaESA17a,1,9,2,11
ESA,ROWsaESA17b,1,9,2,11
ESA,ROWsaESA18a,1,9,2,11
ESA,ROWsaESA18b,1,9,2,11
ESA,ROWsaESA19a,1,9,2,11
ESA,ROWsaESA19b,1,9,2,11
ESA,ROWsaESA2,1,9,2,11
ESA,ROWsaESA20a,1,9,2,11
ESA,ROWsaESA20b,1,9,2,11
ESA,ROWsaESA21,1,9,2,11
ESA,ROWsaESA3,1,9,2,11
ESA,ROWsaESA4,1,9,2,11
ESA,ROWsaESA5,1,9,2,11
ESA,ROWsaESA6,1,9,2,11
ESA,ROWsaESA7,1,9,2,11
ESA,ROWsaESA8,1,9,2,11
ESA,ROWsaESA9,1,9,2,11
ESA,SoybeanESA1,1,6,4,9
ESA,SoybeanESA10a,10,5,20,10
ESA,SoybeanESA10b,10,5,20,10
ESA,SoybeanESA11a,25,5,20,10
ESA,SoybeanESA11b,25,5,20,10
ESA,SoybeanESA12a,1,3,1,7
ESA,SoybeanESA12b,1,3,1,7
ESA,SoybeanESA13,16,3,10,9
ESA,SoybeanESA14,16,3,10,9
ESA,SoybeanESA15a,16,3,10,9
ESA,SoybeanESA15b,16,3,10,9
ESA,SoybeanESA16a,16,3,10,9
ESA,SoybeanESA16b,16,3,10,9
ESA,SoybeanESA17a,16,5,10,9
ESA,SoybeanESA17b,16,5,10,9
ESA,SoybeanESA18a,1,4,8,9
ESA,SoybeanESA18b,1,4,8,9
ESA,SoybeanESA2,16,4,1,10
ESA,SoybeanESA20a,25,4,17,9
ESA,SoybeanESA20b,25,4,17,9
ESA,SoybeanESA3,25,4,17,9
ESA,SoybeanESA4,1,6,4,9
ESA,SoybeanESA5,1,5,25,10
ESA,SoybeanESA6,25,4,17,9
ESA,SoybeanESA7,1,5,20,10
ESA,SoybeanESA8,10,4,2,9
ESA,SoybeanESA9,5,5,12,8
ESA,SoybeansaESA1,1,6,4,9
ESA,SoybeansaESA10a,10,5,20,10
ESA,SoybeansaESA10b,10,5,20,10
ESA,SoybeansaESA11a,25,5,20,10
ESA,SoybeansaESA11b,25,5,20,10
ESA,SoybeansaESA12a,1,3,1,7
ESA,SoybeansaESA12b,1,3,1,7
ESA,SoybeansaESA13,16,3,10,9
ESA,SoybeansaESA14,16,3,10,9
ESA,SoybeansaESA15a,16,3,10,9
ESA,SoybeansaESA15b,16,3,10,9
ESA,SoybeansaESA16a,16,3,10,9
ESA,SoybeansaESA16b,16,3,10,9
ESA,SoybeansaESA17a,16,5,10,9
ESA,SoybeansaESA17b,16,5,10,9
ESA,SoybeansaESA18a,1,4,8,9
ESA,SoybeansaESA18b,1,4,8,9
ESA,SoybeansaESA2,16,4,1,10
ESA,SoybeansaESA20a,25,4,17,9
ESA,SoybeansaESA20b,25,4,17,9
ESA,SoybeansaESA3,25,4,17,9
ESA,SoybeansaESA4,1,6,4,9
ESA,SoybeansaESA5,1,5,25,10
ESA,SoybeansaESA6,25,4,17,9
ESA,SoybeansaESA7,1,5,20,10
ESA,SoybeansaESA8,10,4,2,9
ESA,SoybeansaESA9,5,5,12,8
ESA,VegetableESA1,1,6,5,10
ESA,VegetableESA10a,16,5,15,10
ESA,VegetableESA10b,16,5,15,10
ESA,VegetableESA11a,1,2,7,5
ESA,VegetableESA11b,1,2,7,5
ESA,VegetableESA12a,1,2,7,5
ESA,VegetableESA12b,1,2,7,5
ESA,VegetableESA13,1,2,7,5
ESA,VegetableESA14,1,2,7,5
ESA,VegetableESA15a,16,2,12,5
ESA,VegetableESA15b,16,2,12,5
ESA,VegetableESA16a,1,2,7,5
ESA,VegetableESA16b,1,2,7,5
ESA,VegetableESA17a,16,6,2,9
ESA,VegetableESA17b,16,6,2,9
ESA,VegetableESA18a,1,2,7,5
ESA,VegetableESA18b,1,2,7,5
ESA,VegetableESA19a,16,6,2,9
ESA,VegetableESA19b,16,6,2,9
ESA,VegetableESA2,10,5,10,10
ESA,VegetableESA20a,1,2,15,5
ESA,VegetableESA20b,1,2,15,5
ESA,VegetableESA21,1,2,15,5
ESA,VegetableESA3,1,1,1,5
ESA,VegetableESA4,30,4,15,8
ESA,VegetableESA5,1,6,4,9
ESA,VegetableESA6,1,1,1,5
ESA,VegetableESA7,16,6,2,9
ESA,VegetableESA8,10,4,31,7
ESA,VegetableESA9,16,5,15,10
ESA,VegetablesaESA1,1,6,5,10
ESA,VegetablesaESA10a,16,5,15,10
ESA,VegetablesaESA10b,16,5,15,10
ESA,VegetablesaESA11a,1,2,7,5
ESA,VegetablesaESA11b,1,2,7,5
ESA,VegetablesaESA12a,1,2,7,5
ESA,VegetablesaESA12b,1,2,7,5
ESA,VegetablesaESA13,1,2,7,5
ESA,VegetablesaESA14,1,2,7,5
ESA,VegetablesaESA15a,16,2,12,5
ESA,VegetablesaESA15b,16,2,12,5
ESA,VegetablesaESA16a,1,2,7,5
ESA,VegetablesaESA16b,1,2,7,5
ESA,VegetablesaESA17a,16,6,2,9
ESA,VegetablesaESA17b,16,6,2,9
ESA,VegetablesaESA18a,1,2,7,5
ESA,VegetablesaESA18b,1,2,7,5
ESA,VegetablesaESA19a,16,6,2,9
ESA,VegetablesaESA19b,16,6,2,9
ESA,VegetablesaESA2,10,5,10,10
ESA,VegetablesaESA20a,1,2,15,5
ESA,VegetablesaESA20b,1,2,15,5
ESA,VegetablesaESA21,1,2,15,5
ESA,VegetablesaESA3,1,1,1,5
ESA,VegetablesaESA4,30,4,15,8
ESA,VegetablesaESA5,1,6,4,9
ESA,VegetablesaESA6,1,1,1,5
ESA,VegetablesaESA7,16,6,2,9
ESA,VegetablesaESA8,10,4,31,7
ESA,VegetablesaESA9,16,5,15,10
ESA,WAUESA1,1,9,2,11
ESA,WAUESA10a,1,9,2,11
ESA,WAUESA10b,1,9,2,11
ESA,WAUESA11a,1,9,2,11
ESA,WAUESA11b,1,9,2,11
ESA,WAUESA12a,1,9,2,11
ESA,WAUESA12b,1,9,2,11
ESA,WAUESA13,1,9,2,11
ESA,WAUESA14,1,9,2,11
ESA,WAUESA15a,1,9,2,11
ESA,WAUESA15b,1,9,2,11
ESA,WAUESA16a,1,9,2,11
ESA,WAUESA16b,1,9,2,11
ESA,WAUESA17a,1,9,2,11
ESA,WAUESA17b,1,9,2,11
ESA,WAUESA18a,1,9,2,11
ESA,WAUESA18b,1,9,2,11
ESA,WAUESA19a,1,9,2,11
ESA,WAUESA19b,1,9,2,11
ESA,WAUESA2,1,9,2,11
ESA,WAUESA20a,1,9,2,11
ESA,WAUESA20b,1,9,2,11
ESA,WAUESA21,1,9,2,11
ESA,WAUESA3,1,9,2,11
ESA,WAUESA4,1,9,2,11
ESA,WAUESA5,1,9,2,11
ESA,WAUESA6,1,9,2,11
ESA,WAUESA7,1,9,2,11
ESA,WAUESA8,1,9,2,11
ESA,WAUESA9,1,9,2,11
ESA,WAUsaESA1,1,9,2,11
ESA,WAUsaESA10a,1,9,2,11
ESA,WAUsaESA10b,1,9,2,11
ESA,WAUsaESA11a,1,9,2,11
ESA,WAUsaESA11b,1,9,2,11
ESA,WAUsaESA12a,1,9,2,11
ESA,WAUsaESA12b,1,9,2,11
ESA,WAUsaESA13,1,9,2,11
ESA,WAUsaESA14,1,9,2,11
ESA,WAUsaESA15a,1,9,2,11
ESA,WAUsaESA15b,1,9,2,11
ESA,WAUsaESA16a,1,9,2,11
ESA,WAUsaESA16b,1,9,2,11
ESA,WAUsaESA17a,1,9,2,11
ESA,WAUsaESA17b,1,9,2,11
ESA,WAUsaESA18a,1,9,2,11
ESA,WAUsaESA18b,1,9,2,11
ESA,WAUsaESA19a,1,9,2,11
ESA,WAUsaESA19b,1,9,2,11
ESA,WAUsaESA2,1,9,2,11
ESA,WAUsaESA20a,1,9,2,11
ESA,WAUsaESA20b,1,9,2,11
ESA,WAUsaESA21,1,9,2,11
ESA,WAUsaESA3,1,9,2,11
ESA,WAUsaESA4,1,9,2,11
ESA,WAUsaESA5,1,9,2,11
ESA,WAUsaESA6,1,9,2,11
ESA,WAUsaESA7,1,9,2,11
ESA,WAUsaESA8,1,9,2,11
ESA,WAUsaESA9,1,9,2,11
ESA,WheatESA1,16,4,1,11
ESA,WheatESA10a,16,5,5,8
ESA,WheatESA10b,16,5,5,8
ESA,WheatESA11a,16,10,17,6
ESA,WheatESA11b,16,10,17,6
ESA,WheatESA12a,1,6,30,8
ESA,WheatESA12b,1,6,30,8
ESA,WheatESA13,1,6,30,8
ESA,WheatESA14,1,6,30,8
ESA,WheatESA15a,16,10,17,6
ESA,WheatESA15b,16,10,17,6
ESA,WheatESA16a,1,6,30,8
ESA,WheatESA16b,1,6,30,8
ESA,WheatESA17a,1,9,1,7
ESA,WheatESA17b,1,9,1,7
ESA,WheatESA18a,1,1,15,6
ESA,WheatESA18b,1,1,15,6
ESA,WheatESA19a,1,9,1,7
ESA,WheatESA19b,1,9,1,7
ESA,WheatESA2,16,4,1,11
ESA,WheatESA3,1,4,28,8
ESA,WheatESA4,16,5,5,8
ESA,WheatESA5,20,5,1,10
ESA,WheatESA6,1,4,28,8
ESA,WheatESA7,1,6,30,8
ESA,WheatESA8,1,6,30,8
ESA,WheatESA9,16,5,5,8
ESA,WheatsaESA1,16,4,1,11
ESA,WheatsaESA10a,16,5,5,8
ESA,WheatsaESA10b,16,5,5,8
ESA,WheatsaESA11a,16,10,17,6
ESA,WheatsaESA11b,16,10,17,6
ESA,WheatsaESA12a,1,6,30,8
ESA,WheatsaESA12b,1,6,30,8
ESA,WheatsaESA13,1,6,30,8
ESA,WheatsaESA14,1,6,30,8
ESA,WheatsaESA15a,16,10,17,6
ESA,WheatsaESA15b,16,10,17,6
ESA,WheatsaESA16a,1,6,30,8
ESA,WheatsaESA16b,1,6,30,8
ESA,WheatsaESA17a,1,9,1,7
ESA,WheatsaESA17b,1,9,1,7
ESA,WheatsaESA18a,1,1,15,6
ESA,WheatsaESA18b,1,1,15,6
ESA,WheatsaESA19a,1,9,1,7
ESA,WheatsaESA19b,1,9,1,7
ESA,WheatsaESA2,16,4,1,11
ESA,WheatsaESA3,1,4,28,8
ESA,WheatsaESA4,16,5,5,8
ESA,WheatsaESA5,20,5,1,10
ESA,WheatsaESA6,1,4,28,8
ESA,WheatsaESA7,1,6,30,8
ESA,WheatsaESA8,1,6,30,8
ESA,WheatsaESA9,16,5,5,8
ESA,XmasTreeESA1,1,6,15,10
ESA,XmasTreeESA10a,1,1,31,12
ESA,XmasTreeESA10b,1,1,31,12
ESA,XmasTreeESA11a,1,1,31,12
ESA,XmasTreeESA11b,1,1,31,12
ESA,XmasTreeESA12a,1,4,16,11
ESA,XmasTreeESA12b,1,4,16,11
ESA,XmasTreeESA13,1,4,16,11
ESA,XmasTreeESA14,1,4,16,11
ESA,XmasTreeESA15a,1,1,31,12
ESA,XmasTreeESA15b,1,1,31,12
ESA,XmasTreeESA16a,1,1,31,12
ESA,XmasTreeESA16b,1,1,31,12
ESA,XmasTreeESA17a,1,1,31,12
ESA,XmasTreeESA17b,1,1,31,12
ESA,XmasTreeESA18a,16,1,13,9
ESA,XmasTreeESA18b,16,1,13,9
ESA,XmasTreeESA19a,1,1,31,12
ESA,XmasTreeESA19b,1,1,31,12
ESA,XmasTreeESA2,16,4,15,10
ESA,XmasTreeESA3,1,1,31,12
ESA,XmasTreeESA4,1,5,21,7
ESA,XmasTreeESA5,16,4,15,10
ESA,XmasTreeESA6,1,4,25,10
ESA,XmasTreeESA7,1,1,31,12
ESA,XmasTreeESA8,1,1,31,12
ESA,XmasTreeESA9,1,5,21,7
ESA,XmasTreesaESA1,1,6,15,10
ESA,XmasTreesaESA10a,1,1,31,12
ESA,XmasTreesaESA10b,1,1,31,12
ESA,XmasTreesaESA11a,1,1,31,12
ESA,XmasTreesaESA11b,1,1,31,12
ESA,XmasTreesaESA12a,1,4,16,11
ESA,XmasTreesaESA12b,1,4,16,11
ESA,XmasTreesaESA13,1,4,16,11
ESA,XmasTreesaESA14,1,4,16,11
ESA,XmasTreesaESA15a,1,1,31,12
ESA,XmasTreesaESA15b,1,1,31,12
ESA,XmasTreesaESA16a,1,1,31,12
ESA,XmasTreesaESA16b,1,1,31,12
ESA,XmasTreesaESA17a,1,1,31,12
ESA,XmasTreesaESA17b,1,1,31,12
ESA,XmasTreesaESA18a,16,1,13,9
ESA,XmasTreesaESA18b,16,1,13,9
ESA,XmasTreesaESA19a,1,1,31,12
ESA,XmasTreesaESA19b,1,1,31,12
ESA,XmasTreesaESA2,16,4,15,10
ESA,XmasTreesaESA3,1,1,31,12
ESA,XmasTreesaESA4,1,5,21,7
ESA,XmasTreesaESA5,16,4,15,10
ESA,XmasTreesaESA6,1,4,25,10
ESA,XmasTreesaESA7,1,1,31,12
ESA,XmasTreesaESA8,1,1,31,12
ESA,XmasTreesaESA9,1,5,21,7
FIFRA Koc under 100,Christmas Trees-r01-A_V4,1,1,31,12
FIFRA Koc under 100,Christmas Trees-r02-A_V4,1,1,31,12
FIFRA Koc under 100,Christmas Trees-r03N-A_V4,1,1,31,12
FIFRA Koc under 100,Christmas Trees-r04-A_V4,1,1,31,12
FIFRA Koc under 100,Christmas Trees-r05-A_V4,1,1,31,12
FIFRA Koc under 100,Christmas Trees-r06-A_V4,1,1,31,12
FIFRA Koc under 100,Christmas Trees-r07-A_V4,1,1,31,12
FIFRA Koc under 100,Christmas Trees-r17-A_V4,1,1,31,12
FIFRA Koc under 100,Christmas Trees-r18-A_V4,1,1,31,12
FIFRA Koc under 100,Corn-r01-A_V4,2,6,30,9
FIFRA Koc under 100,Corn-r02-A_V4,24,5,2,11
FIFRA Koc under 100,Corn-r03N-A_V4,24,4,25,9
FIFRA Koc under 100,Corn-r03S-A_V4,11,4,21,8
FIFRA Koc under 100,Corn-r03W-A_V4,17,4,7,9
FIFRA Koc under 100,Corn-r04-A_V4,16,5,31,10
FIFRA Koc under 100,Corn-r05-A_V4,23,5,21,10
FIFRA Koc under 100,Corn-r06-A_V4,29,4,5,9
FIFRA Koc under 100,Corn-r07-A_V4,13,5,22,10
FIFRA Koc under 100,Corn-r08-A_V4,5,4,22,8
FIFRA Koc under 100,Corn-r09-A_V4,22,5,29,10
FIFRA Koc under 100,Corn-r10L-A_V4,13,5,22,10
FIFRA Koc under 100,Corn-r10U-A_V4,21,5,26,10
FIFRA Koc under 100,Corn-r11-A_V4,7,5,2,10
FIFRA Koc under 100,Corn-r12-A_V4,14,4,5,9
FIFRA Koc under 100,Corn-r13-A_V4,24,6,15,10
FIFRA Koc under 100,Corn-r14-A_V4,16,5,26,10
FIFRA Koc under 100,Corn-r15-A_V4,14,6,16,10
FIFRA Koc under 100,Corn-r16-A_V4,17,5,20,10
FIFRA Koc under 100,Corn-r17-A_V4,22,5,30,10
FIFRA Koc under 100,Corn-r18-A_V4,25,6,16,10
FIFRA Koc under 100,Cotton-r03N-A_V4,17,5,29,10
FIFRA Koc under 100,Cotton-r03S-A_V4,23,5,5,11
FIFRA Koc under 100,Cotton-r03W-A_V4,15,5,13,10
FIFRA Koc under 100,Cotton-r08-A_V4,18,5,18,10
FIFRA Koc under 100,Cotton-r11-A_V4,15,5,1,11
FIFRA Koc under 100,Cotton-r12-A_V4,15,5,1,11
FIFRA Koc under 100,Cotton-r13-A_V4,15,5,1,11
FIFRA Koc under 100,Cotton-r15-A_V4,22,4,25,10
FIFRA Koc under 100,Cotton-r18-A_V4,29,4,21,10
FIFRA Koc under 100,Hay all-r01-A_V4,18,4,31,10
FIFRA Koc under 100,Hay all-r02-A_V4,24,3,1,10
FIFRA Koc under 100,Hay all-r03N-A_V4,24,3,1,10
FIFRA Koc under 100,Hay all-r03S-A_V4,18,3,1,11
FIFRA Koc under 100,Hay all-r03W-A_V4,22,3,15,10
FIFRA Koc under 100,Hay all-r04-A_V4,9,4,10,10
FIFRA Koc under 100,Hay all-r05-A_V4,24,3,1,10
FIFRA Koc under 100,Hay all-r06-A_V4,18,3,1,11
FIFRA Koc under 100,Hay all-r07-A_V4,16,4,5,8
FIFRA Koc under 100,Hay all-r08-A_V4,20,3,14,9
FIFRA Koc under 100,Hay all-r09-A_V4,7,5,6,9
FIFRA Koc under 100,Hay all-r10L-A_V4,14,5,9,9
FIFRA Koc under 100,Hay all-r10U-A_V4,5,5,23,9
FIFRA Koc under 100,Hay all-r11-A_V4,16,4,9,11
FIFRA Koc under 100,Hay all-r12-A_V4,10,4,30,9
FIFRA Koc under 100,Hay all-r13-A_V4,16,4,9,11
FIFRA Koc under 100,Hay all-r14-A_V4,16,4,9,11
FIFRA Koc under 100,Hay all-r15-A_V4,21,4,1,12
FIFRA Koc under 100,Hay all-r16-A_V4,15,4,20,10
FIFRA Koc under 100,Hay all-r17-A_V4,15,4,20,10
FIFRA Koc under 100,Hay all-r18-A_V4,6,4,20,11
FIFRA Koc under 100,Orchard deciduous-r01-A_V4,22,5,3,10
FIFRA Koc under 100,Orchard deciduous-r02-A_V4,10,5,21,11
FIFRA Koc under 100,Orchard deciduous-r03N-A_V4,15,3,3,11
FIFRA Koc under 100,Orchard deciduous-r03S-A_V4,15,4,21,11
FIFRA Koc under 100,Orchard deciduous-r03W-A_V4,20,3,24,10
FIFRA Koc under 100,Orchard deciduous-r04-A_V4,10,5,4,10
FIFRA Koc under 100,Orchard deciduous-r05-A_V4,27,4,13,10
FIFRA Koc under 100,Orchard deciduous-r06-A_V4,15,4,22,10
FIFRA Koc under 100,Orchard deciduous-r07-A_V4,15,5,30,9
FIFRA Koc under 100,Orchard deciduous-r08-A_V4,25,4,29,10
FIFRA Koc under 100,Orchard deciduous-r09-A_V4,15,5,23,9
FIFRA Koc under 100,Orchard deciduous-r10L-A_V4,23,5,10,10
FIFRA Koc under 100,Orchard deciduous-r10U-A_V4,10,5,18,9
FIFRA Koc under 100,Orchard deciduous-r11-A_V4,16,5,21,10
FIFRA Koc under 100,Orchard deciduous-r12-A_V4,15,4,5,11
FIFRA Koc under 100,Orchard deciduous-r13-A_V4,8,5,28,9
FIFRA Koc under 100,Orchard deciduous-r14-A_V4,10,4,6,9
FIFRA Koc under 100,Orchard deciduous-r15-A_V4,15,4,30,10
FIFRA Koc under 100,Orchard deciduous-r16-A_V4,20,4,8,9
FIFRA Koc under 100,Orchard deciduous-r17-A_V4,28,4,28,9
FIFRA Koc under 100,Orchard deciduous-r18-A_V4,24,2,21,9
FIFRA Koc under 100,Orchard evergreen-r01-A_V4,1,1,31,12
FIFRA Koc under 100,Orchard evergreen-r02-A_V4,1,1,31,12
FIFRA Koc under 100,Orchard evergreen-r03N-A_V4,1,1,31,12
FIFRA Koc under 100,Orchard evergreen-r03S-A_V4,1,1,31,12
FIFRA Koc under 100,Orchard evergreen-r03W-A_V4,1,1,31,12
FIFRA Koc under 100,Orchard evergreen-r04-A_V4,1,1,31,12
FIFRA Koc under 100,Orchard evergreen-r05-A_V4,1,1,31,12
FIFRA Koc under 100,Orchard evergreen-r06-A_V4,1,1,31,12
FIFRA Koc under 100,Orchard evergreen-r07-A_V4,1,1,31,12
FIFRA Koc under 100,Orchard evergreen-r11-A_V4,1,1,31,12
FIFRA Koc under 100,Orchard evergreen-r12-A_V4,1,1,31,12
FIFRA Koc under 100,Orchard evergreen-r13-A_V4,1,1,31,12
FIFRA Koc under 100,Orchard evergreen-r15-A_V4,1,1,31,12
FIFRA Koc under 100,Orchard evergreen-r16-A_V4,1,1,31,12
FIFRA Koc under 100,Orchard evergreen-r17-A_V4,1,1,31,12
FIFRA Koc under 100,Orchard evergreen-r18-A_V4,1,1,31,12
FIFRA Koc under 100,Other grains or corn-r01-A_V4,31,5,29,10
FIFRA Koc under 100,Other grains or corn-r02-A_V4,31,5,29,10
FIFRA Koc under 100,Other grains or corn-r03N-A_V4,4,6,12,10
FIFRA Koc under 100,Other grains or corn-r03S-A_V4,4,6,12,10
FIFRA Koc under 100,Other grains or corn-r03W-A_V4,4,6,12,10
FIFRA Koc under 100,Other grains or corn-r04-A_V4,21,5,2,11
FIFRA Koc under 100,Other grains or corn-r05-A_V4,3,6,12,10
FIFRA Koc under 100,Other grains or corn-r06-A_V4,3,6,12,10
FIFRA Koc under 100,Other grains or corn-r07-A_V4,21,5,31,10
FIFRA Koc under 100,Other grains or corn-r08-A_V4,9,5,12,9
FIFRA Koc under 100,Other grains or corn-r09-A_V4,22,5,29,10
FIFRA Koc under 100,Other grains or corn-r10L-A_V4,9,6,18,10
FIFRA Koc under 100,Other grains or corn-r10U-A_V4,11,6,19,10
FIFRA Koc under 100,Other grains or corn-r11-A_V4,9,6,18,10
FIFRA Koc under 100,Other grains or corn-r12-A_V4,9,6,2,11
FIFRA Koc under 100,Other grains or corn-r13-A_V4,9,6,2,11
FIFRA Koc under 100,Other grains or corn-r14-A_V4,17,5,20,10
FIFRA Koc under 100,Other grains or corn-r15-A_V4,30,4,16,10
FIFRA Koc under 100,Other grains or corn-r16-A_V4,17,5,20,10
FIFRA Koc under 100,Other grains or corn-r17-A_V4,11,6,19,10
FIFRA Koc under 100,Other grains or corn-r18-A_V4,25,6,16,10
FIFRA Koc under 100,Pasture or forage-r01-A_V4,1,1,31,12
FIFRA Koc under 100,Pasture or forage-r02-A_V4,1,1,31,12
FIFRA Koc under 100,Pasture or forage-r03N-A_V4,1,1,31,12
FIFRA Koc under 100,Pasture or forage-r03S-A_V4,1,1,31,12
FIFRA Koc under 100,Pasture or forage-r03W-A_V4,1,1,31,12
FIFRA Koc under 100,Pasture or forage-r04-A_V4,1,1,31,12
FIFRA Koc under 100,Pasture or forage-r05-A_V4,1,1,31,12
FIFRA Koc under 100,Pasture or forage-r06-A_V4,1,1,31,12
FIFRA Koc under 100,Pasture or forage-r07-A_V4,1,1,31,12
FIFRA Koc under 100,Pasture or forage-r08-A_V4,1,1,31,12
FIFRA Koc under 100,Pasture or forage-r09-A_V4,1,1,31,12
FIFRA Koc under 100,Pasture or forage-r10L-A_V4,1,1,31,12
FIFRA Koc under 100,Pasture or forage-r10U-A_V4,1,1,31,12
FIFRA Koc under 100,Pasture or forage-r11-A_V4,1,1,31,12
FIFRA Koc under 100,Pasture or forage-r12-A_V4,1,1,31,12
FIFRA Koc under 100,Pasture or forage-r13-A_V4,1,1,31,12
FIFRA Koc under 100,Pasture or forage-r14-A_V4,1,1,31,12
FIFRA Koc under 100,Pasture or forage-r15-A_V4,1,1,31,12
FIFRA Koc under 100,Pasture or forage-r16-A_V4,1,1,31,12
FIFRA Koc under 100,Pasture or forage-r17-A_V4,1,1,31,12
FIFRA Koc under 100,Pasture or forage-r18-A_V4,1,1,31,12
FIFRA Koc under 100,Row or field crop-r01-A_V4,17,6,17,8
FIFRA Koc under 100,Row or field crop-r02-A_V4,16,5,6,10
FIFRA Koc under 100,Row or field crop-r03N-A_V4,27,5,20,10
FIFRA Koc under 100,Row or field crop-r03S-A_V4,25,5,12,10
FIFRA Koc under 100,Row or field crop-r03W-A_V4,19,5,20,10
FIFRA Koc under 100,Row or field crop-r04-A_V4,2,5,23,10
FIFRA Koc under 100,Row or field crop-r05-A_V4,8,6,5,9
FIFRA Koc under 100,Row or field crop-r06-A_V4,8,6,5,9
FIFRA Koc under 100,Row or field crop-r07-A_V4,13,5,9,10
FIFRA Koc under 100,Row or field crop-r08-A_V4,25,5,15,10
FIFRA Koc under 100,Row or field crop-r09-A_V4,13,5,8,10
FIFRA Koc under 100,Row or field crop-r10L-A_V4,25,4,22,10
FIFRA Koc under 100,Row or field crop-r10U-A_V4,5,6,25,10
FIFRA Koc under 100,Row or field crop-r11-A_V4,15,6,26,10
FIFRA Koc under 100,Row or field crop-r12-A_V4,28,5,27,10
FIFRA Koc under 100,Row or field crop-r13-A_V4,28,5,27,10
FIFRA Koc under 100,Row or field crop-r14-A_V4,15,6,26,10
FIFRA Koc under 100,Row or field crop-r15-A_V4,7,10,8,6
FIFRA Koc under 100,Row or field crop-r16-A_V4,19,4,19,10
FIFRA Koc under 100,Row or field crop-r17-A_V4,19,4,19,10
FIFRA Koc under 100,Row or field crop-r18-A_V4,7,10,8,6
FIFRA Koc under 100,Small fruit trellised-r01-A_V4,23,4,3,10
FIFRA Koc under 100,Small fruit trellised-r02-A_V4,26,3,15,11
FIFRA Koc under 100,Small fruit trellised-r03N-A_V4,15,2,3,11
FIFRA Koc under 100,Small fruit trellised-r03S-A_V4,15,2,10,12
FIFRA Koc under 100,Small fruit trellised-r03W-A_V4,15,2,25,11
FIFRA Koc under 100,Small fruit trellised-r04-A_V4,6,5,14,10
FIFRA Koc under 100,Small fruit trellised-r05-A_V4,6,5,8,10
FIFRA Koc under 100,Small fruit trellised-r06-A_V4,5,3,22,10
FIFRA Koc under 100,Small fruit trellised-r16-A_V4,12,4,2,9
FIFRA Koc under 100,Small fruit trellised-r17-A_V4,27,4,28,9
FIFRA Koc under 100,Small fruit trellised-r18-A_V4,12,4,21,9
FIFRA Koc under 100,Small grains-r01-A_V4,26,5,2,9
FIFRA Koc under 100,Small grains-r02-A_V4,18,10,22,6
FIFRA Koc under 100,Small grains-r03N-A_V4,4,11,20,6
FIFRA Koc under 100,Small grains-r03S-A_V4,14,11,11,6
FIFRA Koc under 100,Small grains-r03W-A_V4,6,11,2,6
FIFRA Koc under 100,Small grains-r04-A_V4,7,5,10,8
FIFRA Koc under 100,Small grains-r05-A_V4,6,11,20,6
FIFRA Koc under 100,Small grains-r06-A_V4,4,11,20,6
FIFRA Koc under 100,Small grains-r07-A_V4,24,4,26,7
FIFRA Koc under 100,Small grains-r08-A_V4,30,10,4,6
FIFRA Koc under 100,Small grains-r09-A_V4,27,5,14,9
FIFRA Koc under 100,Small grains-r10L-A_V4,19,4,20,7
FIFRA Koc under 100,Small grains-r10U-A_V4,27,5,14,9
FIFRA Koc under 100,Small grains-r11-A_V4,29,9,5,6
FIFRA Koc under 100,Small grains-r12-A_V4,20,10,7,6
FIFRA Koc under 100,Small grains-r13-A_V4,22,4,17,8
FIFRA Koc under 100,Small grains-r14-A_V4,24,9,30,6
FIFRA Koc under 100,Small grains-r15-A_V4,22,12,7,6
FIFRA Koc under 100,Small grains-r16-A_V4,28,4,25,8
FIFRA Koc under 100,Small grains-r17-A_V4,28,4,25,8
FIFRA Koc under 100,Small grains-r18-A_V4,22,12,8,8
FIFRA Koc under 100,Soybean-r01-A_V4,12,6,26,10
FIFRA Koc under 100,Soybean-r02-A_V4,20,6,2,11
FIFRA Koc under 100,Soybean-r03N-A_V4,18,6,25,11
FIFRA Koc under 100,Soybean-r03S-A_V4,13,6,16,11
FIFRA Koc under 100,Soybean-r03W-A_V4,20,5,7,10
FIFRA Koc under 100,Soybean-r04-A_V4,23,5,15,10
FIFRA Koc under 100,Soybean-r05-A_V4,1,6,11,10
FIFRA Koc under 100,Soybean-r06-A_V4,1,7,27,10
FIFRA Koc under 100,Soybean-r07-A_V4,27,5,9,10
FIFRA Koc under 100,Soybean-r08-A_V4,5,6,21,10
FIFRA Koc under 100,Soybean-r09-A_V4,27,5,8,10
FIFRA Koc under 100,Soybean-r10L-A_V4,28,5,11,10
FIFRA Koc under 100,Soybean-r10U-A_V4,4,6,11,10
FIFRA Koc under 100,Soybean-r11-A_V4,9,6,16,10
FIFRA Koc under 100,Soybean-r12-A_V4,6,5,19,9
FIFRA Koc under 100,Soybean-r13-A_V4,6,5,19,9
FIFRA Koc under 100,Soybean-r14-A_V4,9,6,16,10
FIFRA Koc under 100,Soybean-r17-A_V4,31,5,7,10
FIFRA Koc under 100,Sugarcane-r03S-A_V4,14,11,10,7
FIFRA Koc under 100,Sugarcane-r03W-A_V4,14,11,10,7
FIFRA Koc under 100,Sugarcane-r08-A_V4,11,9,17,11
FIFRA Koc under 100,Sugarcane-r11-A_V4,11,9,17,11
FIFRA Koc under 100,Sugarcane-r12-A_V4,11,9,17,11
FIFRA Koc under 100,Sugarcane-r13-A_V4,11,9,17,11
FIFRA Koc under 100,Vegetable commodity-r01-A_V4,31,5,30,9
FIFRA Koc under 100,Vegetable commodity-r02-A_V4,29,6,22,9
FIFRA Koc under 100,Vegetable commodity-r03N-A_V4,2,6,15,10
FIFRA Koc under 100,Vegetable commodity-r03S-A_V4,22,5,23,8
FIFRA Koc under 100,Vegetable commodity-r03W-A_V4,15,6,30,9
FIFRA Koc under 100,Vegetable commodity-r04-A_V4,17,6,27,9
FIFRA Koc under 100,Vegetable commodity-r05-A_V4,29,6,22,9
FIFRA Koc under 100,Vegetable commodity-r06-A_V4,15,6,30,9
FIFRA Koc under 100,Vegetable commodity-r07-A_V4,2,5,25,6
FIFRA Koc under 100,Vegetable commodity-r08-A_V4,9,6,10,10
FIFRA Koc under 100,Vegetable commodity-r09-A_V4,4,6,24,9
FIFRA Koc under 100,Vegetable commodity-r10L-A_V4,13,6,26,9
FIFRA Koc under 100,Vegetable commodity-r10U-A_V4,29,5,17,9
FIFRA Koc under 100,Vegetable commodity-r11-A_V4,2,6,15,9
FIFRA Koc under 100,Vegetable commodity-r12-A_V4,2,6,15,9
FIFRA Koc under 100,Vegetable commodity-r13-A_V4,22,5,28,9
FIFRA Koc under 100,Vegetable commodity-r14-A_V4,14,6,26,9
FIFRA Koc under 100,Vegetable commodity-r15-A_V4,22,11,15,6
FIFRA Koc under 100,Vegetable commodity-r16-A_V4,28,3,22,9
FIFRA Koc under 100,Vegetable commodity-r17-A_V4,15,5,2,10
FIFRA Koc under 100,Vegetable commodity-r18-A_V4,22,12,16,5
FIFRA Koc under 100,Vegetable fresh or processing market-r01-A_V4,23,5,25,8
FIFRA Koc under 100,Vegetable fresh or processing market-r02-A_V4,24,5,18,7
FIFRA Koc under 100,Vegetable fresh or processing market-r03N-A_V4,30,6,21,9
FIFRA Koc under 100,Vegetable fresh or processing market-r03S-A_V4,13,2,31,5
FIFRA Koc under 100,Vegetable fresh or processing market-r03W-A_V4,3,4,25,6
FIFRA Koc under 100,Vegetable fresh or processing market-r04-A_V4,22,5,5,8
FIFRA Koc under 100,Vegetable fresh or processing market-r05-A_V4,9,6,20,10
FIFRA Koc under 100,Vegetable fresh or processing market-r06-A_V4,30,5,10,7
FIFRA Koc under 100,Vegetable fresh or processing market-r07-A_V4,23,5,16,8
FIFRA Koc under 100,Vegetable fresh or processing market-r08-A_V4,24,4,2,8
FIFRA Koc under 100,Vegetable fresh or processing market-r09-A_V4,23,5,16,8
FIFRA Koc under 100,Vegetable fresh or processing market-r10L-A_V4,7,5,20,9
FIFRA Koc under 100,Vegetable fresh or processing market-r10U-A_V4,23,5,16,8
FIFRA Koc under 100,Vegetable fresh or processing market-r11-A_V4,30,9,2,12
FIFRA Koc under 100,Vegetable fresh or processing market-r12-A_V4,22,11,14,1
FIFRA Koc under 100,Vegetable fresh or processing market-r13-A_V4,14,5,23,8
FIFRA Koc under 100,Vegetable fresh or processing market-r14-A_V4,7,6,20,8
FIFRA Koc under 100,Vegetable fresh or processing market-r15-A_V4,22,12,15,1
FIFRA Koc under 100,Vegetable fresh or processing market-r16-A_V4,7,11,20,8
FIFRA Koc under 100,Vegetable fresh or processing market-r17-A_V4,30,4,23,8
FIFRA Koc under 100,Vegetable fresh or processing market-r18-A_V4,28,2,7,6
FIFRA Koc under 100,Wheat spring-r01-A_V4,26,5,2,9
FIFRA Koc under 100,Wheat spring-r04-A_V4,5,5,10,8
FIFRA Koc under 100,Wheat spring-r07-A_V4,2,5,8,8
FIFRA Koc under 100,Wheat spring-r09-A_V4,16,5,26,8
FIFRA Koc under 100,Wheat spring-r10L-A_V4,19,4,20,7
FIFRA Koc under 100,Wheat spring-r10U-A_V4,5,5,22,8
FIFRA Koc under 100,Wheat spring-r11-A_V4,12,3,22,6
FIFRA Koc under 100,Wheat spring-r12-A_V4,12,3,22,6
FIFRA Koc under 100,Wheat spring-r13-A_V4,12,3,22,6
FIFRA Koc under 100,Wheat spring-r14-A_V4,4,5,25,8
FIFRA Koc under 100,Wheat spring-r15-A_V4,2,12,27,6
FIFRA Koc under 100,Wheat spring-r16-A_V4,27,4,26,8
FIFRA Koc under 100,Wheat spring-r17-A_V4,27,4,26,8
FIFRA Koc under 100,Wheat spring-r18-A_V4,2,12,27,6
FIFRA Koc under 100,Wheat winter-r01-A_V4,2,10,27,7
FIFRA Koc under 100,Wheat winter-r02-A_V4,3,11,5,7
FIFRA Koc under 100,Wheat winter-r03N-A_V4,9,11,20,6
FIFRA Koc under 100,Wheat winter-r03S-A_V4,1,12,8,6
FIFRA Koc under 100,Wheat winter-r03W-A_V4,5,11,11,6
FIFRA Koc under 100,Wheat winter-r04-A_V4,20,10,9,7
FIFRA Koc under 100,Wheat winter-r05-A_V4,24,10,30,6
FIFRA Koc under 100,Wheat winter-r06-A_V4,31,10,24,6
FIFRA Koc under 100,Wheat winter-r07-A_V4,24,10,30,6
FIFRA Koc under 100,Wheat winter-r08-A_V4,8,11,15,6
FIFRA Koc under 100,Wheat winter-r09-A_V4,24,9,24,7
FIFRA Koc under 100,Wheat winter-r10L-A_V4,9,10,27,6
FIFRA Koc under 100,Wheat winter-r10U-A_V4,29,9,25,7
FIFRA Koc under 100,Wheat winter-r11-A_V4,9,10,27,6
FIFRA Koc under 100,Wheat winter-r12-A_V4,15,10,16,6
FIFRA Koc under 100,Wheat winter-r13-A_V4,24,9,30,6
FIFRA Koc under 100,Wheat winter-r14-A_V4,21,9,2,8
FIFRA Koc under 100,Wheat winter-r15-A_V4,22,12,7,6
FIFRA Koc under 100,Wheat winter-r16-A_V4,21,9,2,8
FIFRA Koc under 100,Wheat winter-r17-A_V4,9,10,14,8
FIFRA Koc under 100,Wheat winter-r18-A_V4,2,12,18,6
FIFRA Koc 100 to 3000,Christmas Trees-r01-B_V4,1,1,31,12
FIFRA Koc 100 to 3000,Christmas Trees-r02-B_V4,1,1,31,12
FIFRA Koc 100 to 3000,Christmas Trees-r03N-B_V4,1,1,31,12
FIFRA Koc 100 to 3000,Christmas Trees-r04-B_V4,1,1,31,12
FIFRA Koc 100 to 3000,Christmas Trees-r05-B_V4,1,1,31,12
FIFRA Koc 100 to 3000,Christmas Trees-r06-B_V4,1,1,31,12
FIFRA Koc 100 to 3000,Christmas Trees-r07-B_V4,1,1,31,12
FIFRA Koc 100 to 3000,Christmas Trees-r17-B_V4,1,1,31,12
FIFRA Koc 100 to 3000,Christmas Trees-r18-B_V4,1,1,31,12
FIFRA Koc 100 to 3000,Corn-r01-B_V4,2,6,30,9
FIFRA Koc 100 to 3000,Corn-r02-B_V4,15,5,2,10
FIFRA Koc 100 to 3000,Corn-r03N-B_V4,24,4,25,9
FIFRA Koc 100 to 3000,Corn-r03S-B_V4,11,4,21,8
FIFRA Koc 100 to 3000,Corn-r03W-B_V4,17,4,7,9
FIFRA Koc 100 to 3000,Corn-r04-B_V4,23,5,21,10
FIFRA Koc 100 to 3000,Corn-r05-B_V4,23,5,21,10
FIFRA Koc 100 to 3000,Corn-r06-B_V4,29,4,5,9
FIFRA Koc 100 to 3000,Corn-r07-B_V4,13,5,22,10
FIFRA Koc 100 to 3000,Corn-r08-B_V4,5,4,22,8
FIFRA Koc 100 to 3000,Corn-r09-B_V4,14,5,23,10
FIFRA Koc 100 to 3000,Corn-r10L-B_V4,13,5,22,10
FIFRA Koc 100 to 3000,Corn-r10U-B_V4,21,5,26,10
FIFRA Koc 100 to 3000,Corn-r11-B_V4,27,4,18,9
FIFRA Koc 100 to 3000,Corn-r12-B_V4,14,4,5,9
FIFRA Koc 100 to 3000,Corn-r13-B_V4,7,5,15,10
FIFRA Koc 100 to 3000,Corn-r14-B_V4,16,5,26,10
FIFRA Koc 100 to 3000,Corn-r15-B_V4,14,6,16,10
FIFRA Koc 100 to 3000,Corn-r16-B_V4,17,5,20,10
FIFRA Koc 100 to 3000,Corn-r17-B_V4,12,5,25,10
FIFRA Koc 100 to 3000,Corn-r18-B_V4,23,5,16,10
FIFRA Koc 100 to 3000,Cotton-r03N-B_V4,17,5,28,10
FIFRA Koc 100 to 3000,Cotton-r03S-B_V4,23,5,5,11
FIFRA Koc 100 to 3000,Cotton-r03W-B_V4,16,5,5,10
FIFRA Koc 100 to 3000,Cotton-r08-B_V4,15,5,13,10
FIFRA Koc 100 to 3000,Cotton-r11-B_V4,15,5,1,11
FIFRA Koc 100 to 3000,Cotton-r12-B_V4,15,5,1,11
FIFRA Koc 100 to 3000,Cotton-r13-B_V4,15,5,1,11
FIFRA Koc 100 to 3000,Cotton-r15-B_V4,22,4,25,10
FIFRA Koc 100 to 3000,Cotton-r18-B_V4,29,4,21,10
FIFRA Koc 100 to 3000,Hay all-r01-B_V4,21,4,31,10
FIFRA Koc 100 to 3000,Hay all-r02-B_V4,18,4,31,10
FIFRA Koc 100 to 3000,Hay all-r03N-B_V4,24,3,15,11
FIFRA Koc 100 to 3000,Hay all-r03S-B_V4,18,3,20,11
FIFRA Koc 100 to 3000,Hay all-r03W-B_V4,19,3,26,9
FIFRA Koc 100 to 3000,Hay all-r04-B_V4,5,5,14,10
FIFRA Koc 100 to 3000,Hay all-r05-B_V4,2,4,15,11
FIFRA Koc 100 to 3000,Hay all-r06-B_V4,24,3,1,10
FIFRA Koc 100 to 3000,Hay all-r07-B_V4,16,4,5,8
FIFRA Koc 100 to 3000,Hay all-r08-B_V4,24,3,1,10
FIFRA Koc 100 to 3000,Hay all-r09-B_V4,7,5,2,9
FIFRA Koc 100 to 3000,Hay all-r10L-B_V4,9,4,15,10
FIFRA Koc 100 to 3000,Hay all-r10U-B_V4,12,5,7,10
FIFRA Koc 100 to 3000,Hay all-r11-B_V4,31,3,15,9
FIFRA Koc 100 to 3000,Hay all-r12-B_V4,10,4,30,9
FIFRA Koc 100 to 3000,Hay all-r13-B_V4,13,3,20,10
FIFRA Koc 100 to 3000,Hay all-r14-B_V4,16,4,9,11
FIFRA Koc 100 to 3000,Hay all-r15-B_V4,13,3,1,12
FIFRA Koc 100 to 3000,Hay all-r16-B_V4,15,4,20,10
FIFRA Koc 100 to 3000,Hay all-r17-B_V4,15,4,20,10
FIFRA Koc 100 to 3000,Hay all-r18-B_V4,6,4,20,9
FIFRA Koc 100 to 3000,Orchard deciduous-r01-B_V4,22,5,3,10
FIFRA Koc 100 to 3000,Orchard deciduous-r02-B_V4,10,5,23,10
FIFRA Koc 100 to 3000,Orchard deciduous-r03N-B_V4,12,5,21,11
FIFRA Koc 100 to 3000,Orchard deciduous-r03S-B_V4,1,1,31,12
FIFRA Koc 100 to 3000,Orchard deciduous-r03W-B_V4,20,4,21,11
FIFRA Koc 100 to 3000,Orchard deciduous-r04-B_V4,8,5,14,10
FIFRA Koc 100 to 3000,Orchard deciduous-r05-B_V4,27,4,13,10
FIFRA Koc 100 to 3000,Orchard deciduous-r06-B_V4,15,4,22,10
FIFRA Koc 100 to 3000,Orchard deciduous-r07-B_V4,25,5,6,10
FIFRA Koc 100 to 3000,Orchard deciduous-r08-B_V4,23,5,28,10
FIFRA Koc 100 to 3000,Orchard deciduous-r09-B_V4,15,5,23,9
FIFRA Koc 100 to 3000,Orchard deciduous-r10L-B_V4,23,5,10,10
FIFRA Koc 100 to 3000,Orchard deciduous-r10U-B_V4,10,5,18,9
FIFRA Koc 100 to 3000,Orchard deciduous-r11-B_V4,16,5,21,10
FIFRA Koc 100 to 3000,Orchard deciduous-r12-B_V4,15,4,18,11
FIFRA Koc 100 to 3000,Orchard deciduous-r13-B_V4,8,5,26,10
FIFRA Koc 100 to 3000,Orchard deciduous-r14-B_V4,17,4,6,9
FIFRA Koc 100 to 3000,Orchard deciduous-r15-B_V4,15,4,30,10
FIFRA Koc 100 to 3000,Orchard deciduous-r16-B_V4,20,4,8,9
FIFRA Koc 100 to 3000,Orchard deciduous-r17-B_V4,28,4,28,9
FIFRA Koc 100 to 3000,Orchard deciduous-r18-B_V4,24,2,21,9
FIFRA Koc 100 to 3000,Orchard evergreen-r01-B_V4,1,1,31,12
FIFRA Koc 100 to 3000,Orchard evergreen-r02-B_V4,1,1,31,12
FIFRA Koc 100 to 3000,Orchard evergreen-r03N-B_V4,1,1,31,12
FIFRA Koc 100 to 3000,Orchard evergreen-r03S-B_V4,1,1,31,12
FIFRA Koc 100 to 3000,Orchard evergreen-r03W-B_V4,1,1,31,12
FIFRA Koc 100 to 3000,Orchard evergreen-r04-B_V4,1,1,31,12
FIFRA Koc 100 to 3000,Orchard evergreen-r05-B_V4,1,1,31,12
FIFRA Koc 100 to 3000,Orchard evergreen-r06-B_V4,1,1,31,12
FIFRA Koc 100 to 3000,Orchard evergreen-r07-B_V4,1,1,31,12
FIFRA Koc 100 to 3000,Orchard evergreen-r11-B_V4,1,1,31,12
FIFRA Koc 100 to 3000,Orchard evergreen-r12-B_V4,1,1,31,12
FIFRA Koc 100 to 3000,Orchard evergreen-r13-B_V4,1,1,31,12
FIFRA Koc 100 to 3000,Orchard evergreen-r15-B_V4,1,1,31,12
FIFRA Koc 100 to 3000,Orchard evergreen-r16-B_V4,1,1,31,12
FIFRA Koc 100 to 3000,Orchard evergreen-r17-B_V4,1,1,31,12
FIFRA Koc 100 to 3000,Orchard evergreen-r18-B_V4,1,1,31,12
FIFRA Koc 100 to 3000,Other grains or corn-r01-B_V4,31,5,29,10
FIFRA Koc 100 to 3000,Other grains or corn-r02-B_V4,17,5,7,10
FIFRA Koc 100 to 3000,Other grains or corn-r03N-B_V4,4,6,12,10
FIFRA Koc 100 to 3000,Other grains or corn-r03S-B_V4,4,6,12,10
FIFRA Koc 100 to 3000,Other grains or corn-r03W-B_V4,4,6,12,10
FIFRA Koc 100 to 3000,Other grains or corn-r04-B_V4,21,5,31,10
FIFRA Koc 100 to 3000,Other grains or corn-r05-B_V4,3,6,12,10
FIFRA Koc 100 to 3000,Other grains or corn-r06-B_V4,3,6,12,10
FIFRA Koc 100 to 3000,Other grains or corn-r07-B_V4,11,6,19,10
FIFRA Koc 100 to 3000,Other grains or corn-r08-B_V4,10,5,14,9
FIFRA Koc 100 to 3000,Other grains or corn-r09-B_V4,11,6,19,10
FIFRA Koc 100 to 3000,Other grains or corn-r10L-B_V4,9,6,18,10
FIFRA Koc 100 to 3000,Other grains or corn-r10U-B_V4,11,6,19,10
FIFRA Koc 100 to 3000,Other grains or corn-r11-B_V4,12,6,30,10
FIFRA Koc 100 to 3000,Other grains or corn-r12-B_V4,5,5,11,9
FIFRA Koc 100 to 3000,Other grains or corn-r13-B_V4,9,6,2,11
FIFRA Koc 100 to 3000,Other grains or corn-r14-B_V4,17,5,20,10
FIFRA Koc 100 to 3000,Other grains or corn-r15-B_V4,14,6,16,10
FIFRA Koc 100 to 3000,Other grains or corn-r16-B_V4,17,5,20,10
FIFRA Koc 100 to 3000,Other grains or corn-r17-B_V4,11,6,19,10
FIFRA Koc 100 to 3000,Other grains or corn-r18-B_V4,25,6,16,10
FIFRA Koc 100 to 3000,Pasture or forage-r01-B_V4,1,1,31,12
FIFRA Koc 100 to 3000,Pasture or forage-r02-B_V4,1,1,31,12
FIFRA Koc 100 to 3000,Pasture or forage-r03N-B_V4,1,1,31,12
FIFRA Koc 100 to 3000,Pasture or forage-r03S-B_V4,1,1,31,12
FIFRA Koc 100 to 3000,Pasture or forage-r03W-B_V4,1,1,31,12
FIFRA Koc 100 to 3000,Pasture or forage-r04-B_V4,1,1,31,12
FIFRA Koc 100 to 3000,Pasture or forage-r05-B_V4,1,1,31,12
FIFRA Koc 100 to 3000,Pasture or forage-r06-B_V4,1,1,31,12
FIFRA Koc 100 to 3000,Pasture or forage-r07-B_V4,1,1,31,12
FIFRA Koc 100 to 3000,Pasture or forage-r08-B_V4,1,1,31,12
FIFRA Koc 100 to 3000,Pasture or forage-r09-B_V4,1,1,31,12
FIFRA Koc 100 to 3000,Pasture or forage-r10L-B_V4,1,1,31,12
FIFRA Koc 100 to 3000,Pasture or forage-r10U-B_V4,1,1,31,12
FIFRA Koc 100 to 3000,Pasture or forage-r11-B_V4,1,1,31,12
FIFRA Koc 100 to 3000,Pasture or forage-r12-B_V4,1,1,31,12
FIFRA Koc 100 to 3000,Pasture or forage-r13-B_V4,1,1,31,12
FIFRA Koc 100 to 3000,Pasture or forage-r14-B_V4,1,1,31,12
FIFRA Koc 100 to 3000,Pasture or forage-r15-B_V4,1,1,31,12
FIFRA Koc 100 to 3000,Pasture or forage-r16-B_V4,1,1,31,12
FIFRA Koc 100 to 3000,Pasture or forage-r17-B_V4,1,1,31,12
FIFRA Koc 100 to 3000,Pasture or forage-r18-B_V4,1,1,31,12
FIFRA Koc 100 to 3000,Row or field crop-r01-B_V4,17,6,17,8
FIFRA Koc 100 to 3000,Row or field crop-r02-B_V4,16,5,6,10
FIFRA Koc 100 to 3000,Row or field crop-r03N-B_V4,12,5,17,10
FIFRA Koc 100 to 3000,Row or field crop-r03S-B_V4,19,5,20,10
FIFRA Koc 100 to 3000,Row or field crop-r03W-B_V4,25,5,12,10
FIFRA Koc 100 to 3000,Row or field crop-r04-B_V4,2,5,23,10
FIFRA Koc 100 to 3000,Row or field crop-r05-B_V4,8,6,5,9
FIFRA Koc 100 to 3000,Row or field crop-r06-B_V4,8,6,5,9
FIFRA Koc 100 to 3000,Row or field crop-r07-B_V4,13,5,9,10
FIFRA Koc 100 to 3000,Row or field crop-r08-B_V4,25,5,15,10
FIFRA Koc 100 to 3000,Row or field crop-r09-B_V4,13,5,9,10
FIFRA Koc 100 to 3000,Row or field crop-r10L-B_V4,27,4,20,10
FIFRA Koc 100 to 3000,Row or field crop-r10U-B_V4,5,6,25,10
FIFRA Koc 100 to 3000,Row or field crop-r11-B_V4,15,6,26,10
FIFRA Koc 100 to 3000,Row or field crop-r12-B_V4,28,5,27,10
FIFRA Koc 100 to 3000,Row or field crop-r13-B_V4,28,5,27,10
FIFRA Koc 100 to 3000,Row or field crop-r14-B_V4,15,6,26,10
FIFRA Koc 100 to 3000,Row or field crop-r15-B_V4,7,10,8,6
FIFRA Koc 100 to 3000,Row or field crop-r16-B_V4,19,4,19,10
FIFRA Koc 100 to 3000,Row or field crop-r17-B_V4,19,4,19,10
FIFRA Koc 100 to 3000,Row or field crop-r18-B_V4,7,10,8,6
FIFRA Koc 100 to 3000,Small fruit trellised-r01-B_V4,23,4,3,10
FIFRA Koc 100 to 3000,Small fruit trellised-r02-B_V4,26,3,15,11
FIFRA Koc 100 to 3000,Small fruit trellised-r03N-B_V4,15,2,3,11
FIFRA Koc 100 to 3000,Small fruit trellised-r03S-B_V4,15,2,10,12
FIFRA Koc 100 to 3000,Small fruit trellised-r03W-B_V4,15,2,25,11
FIFRA Koc 100 to 3000,Small fruit trellised-r04-B_V4,6,5,4,10
FIFRA Koc 100 to 3000,Small fruit trellised-r05-B_V4,6,5,4,10
FIFRA Koc 100 to 3000,Small fruit trellised-r06-B_V4,15,4,22,10
FIFRA Koc 100 to 3000,Small fruit trellised-r16-B_V4,12,4,2,9
FIFRA Koc 100 to 3000,Small fruit trellised-r17-B_V4,30,4,19,9
FIFRA Koc 100 to 3000,Small fruit trellised-r18-B_V4,12,4,31,10
FIFRA Koc 100 to 3000,Small grains-r01-B_V4,27,5,6,9
FIFRA Koc 100 to 3000,Small grains-r02-B_V4,18,10,22,6
FIFRA Koc 100 to 3000,Small grains-r03N-B_V4,4,11,20,6
FIFRA Koc 100 to 3000,Small grains-r03S-B_V4,6,11,7,6
FIFRA Koc 100 to 3000,Small grains-r03W-B_V4,6,11,2,6
FIFRA Koc 100 to 3000,Small grains-r04-B_V4,5,5,10,8
FIFRA Koc 100 to 3000,Small grains-r05-B_V4,29,4,29,7
FIFRA Koc 100 to 3000,Small grains-r06-B_V4,6,11,2,6
FIFRA Koc 100 to 3000,Small grains-r07-B_V4,7,5,10,8
FIFRA Koc 100 to 3000,Small grains-r08-B_V4,4,10,21,6
FIFRA Koc 100 to 3000,Small grains-r09-B_V4,27,5,14,9
FIFRA Koc 100 to 3000,Small grains-r10L-B_V4,19,4,20,7
FIFRA Koc 100 to 3000,Small grains-r10U-B_V4,4,5,18,8
FIFRA Koc 100 to 3000,Small grains-r11-B_V4,25,3,23,7
FIFRA Koc 100 to 3000,Small grains-r12-B_V4,20,10,7,6
FIFRA Koc 100 to 3000,Small grains-r13-B_V4,4,5,25,8
FIFRA Koc 100 to 3000,Small grains-r14-B_V4,27,4,16,8
FIFRA Koc 100 to 3000,Small grains-r15-B_V4,22,12,7,6
FIFRA Koc 100 to 3000,Small grains-r16-B_V4,28,4,25,8
FIFRA Koc 100 to 3000,Small grains-r17-B_V4,28,4,25,8
FIFRA Koc 100 to 3000,Small grains-r18-B_V4,2,12,18,6
FIFRA Koc 100 to 3000,Soybean-r01-B_V4,12,6,26,10
FIFRA Koc 100 to 3000,Soybean-r02-B_V4,2,7,6,11
FIFRA Koc 100 to 3000,Soybean-r03N-B_V4,16,6,22,11
FIFRA Koc 100 to 3000,Soybean-r03S-B_V4,13,6,16,11
FIFRA Koc 100 to 3000,Soybean-r03W-B_V4,20,5,7,10
FIFRA Koc 100 to 3000,Soybean-r04-B_V4,1,6,18,10
FIFRA Koc 100 to 3000,Soybean-r05-B_V4,1,6,11,10
FIFRA Koc 100 to 3000,Soybean-r06-B_V4,1,7,27,10
FIFRA Koc 100 to 3000,Soybean-r07-B_V4,27,5,8,10
FIFRA Koc 100 to 3000,Soybean-r08-B_V4,21,5,29,9
FIFRA Koc 100 to 3000,Soybean-r09-B_V4,31,5,7,10
FIFRA Koc 100 to 3000,Soybean-r10L-B_V4,27,5,9,10
FIFRA Koc 100 to 3000,Soybean-r10U-B_V4,4,6,11,10
FIFRA Koc 100 to 3000,Soybean-r11-B_V4,9,6,16,10
FIFRA Koc 100 to 3000,Soybean-r12-B_V4,6,5,19,9
FIFRA Koc 100 to 3000,Soybean-r13-B_V4,6,5,19,9
FIFRA Koc 100 to 3000,Soybean-r14-B_V4,9,6,16,10
FIFRA Koc 100 to 3000,Soybean-r17-B_V4,31,5,7,10
FIFRA Koc 100 to 3000,Sugarcane-r03S-B_V4,14,11,10,7
FIFRA Koc 100 to 3000,Sugarcane-r03W-B_V4,14,11,10,7
FIFRA Koc 100 to 3000,Sugarcane-r08-B_V4,11,9,17,11
FIFRA Koc 100 to 3000,Sugarcane-r11-B_V4,11,9,17,11
FIFRA Koc 100 to 3000,Sugarcane-r12-B_V4,11,9,17,11
FIFRA Koc 100 to 3000,Sugarcane-r13-B_V4,11,9,17,11
FIFRA Koc 100 to 3000,Vegetable commodity-r01-B_V4,31,5,30,9
FIFRA Koc 100 to 3000,Vegetable commodity-r02-B_V4,29,6,22,9
FIFRA Koc 100 to 3000,Vegetable commodity-r03N-B_V4,2,6,15,10
FIFRA Koc 100 to 3000,Vegetable commodity-r03S-B_V4,21,4,23,7
FIFRA Koc 100 to 3000,Vegetable commodity-r03W-B_V4,15,6,30,9
FIFRA Koc 100 to 3000,Vegetable commodity-r04-B_V4,17,6,27,9
FIFRA Koc 100 to 3000,Vegetable commodity-r05-B_V4,21,4,16,6
FIFRA Koc 100 to 3000,Vegetable commodity-r06-B_V4,15,6,30,9
FIFRA Koc 100 to 3000,Vegetable commodity-r07-B_V4,2,5,25,6
FIFRA Koc 100 to 3000,Vegetable commodity-r08-B_V4,9,6,10,10
FIFRA Koc 100 to 3000,Vegetable commodity-r09-B_V4,2,5,25,6
FIFRA Koc 100 to 3000,Vegetable commodity-r10L-B_V4,13,6,26,9
FIFRA Koc 100 to 3000,Vegetable commodity-r10U-B_V4,27,3,1,7
FIFRA Koc 100 to 3000,Vegetable commodity-r11-B_V4,2,6,15,9
FIFRA Koc 100 to 3000,Vegetable commodity-r12-B_V4,2,6,15,9
FIFRA Koc 100 to 3000,Vegetable commodity-r13-B_V4,22,5,28,9
FIFRA Koc 100 to 3000,Vegetable commodity-r14-B_V4,14,6,26,9
FIFRA Koc 100 to 3000,Vegetable commodity-r15-B_V4,2,6,16,9
FIFRA Koc 100 to 3000,Vegetable commodity-r16-B_V4,28,3,22,9
FIFRA Koc 100 to 3000,Vegetable commodity-r17-B_V4,18,5,20,7
FIFRA Koc 100 to 3000,Vegetable commodity-r18-B_V4,22,12,16,5
FIFRA Koc 100 to 3000,Vegetable fresh or processing market-r01-B_V4,9,6,30,9
FIFRA Koc 100 to 3000,Vegetable fresh or processing market-r02-B_V4,23,5,12,8
FIFRA Koc 100 to 3000,Vegetable fresh or processing market-r03N-B_V4,30,6,21,9
FIFRA Koc 100 to 3000,Vegetable fresh or processing market-r03S-B_V4,15,8,16,11
FIFRA Koc 100 to 3000,Vegetable fresh or processing market-r03W-B_V4,18,9,25,11
FIFRA Koc 100 to 3000,Vegetable fresh or processing market-r04-B_V4,22,5,5,8
FIFRA Koc 100 to 3000,Vegetable fresh or processing market-r05-B_V4,23,5,20,8
FIFRA Koc 100 to 3000,Vegetable fresh or processing market-r06-B_V4,11,9,18,11
FIFRA Koc 100 to 3000,Vegetable fresh or processing market-r07-B_V4,23,5,16,8
FIFRA Koc 100 to 3000,Vegetable fresh or processing market-r08-B_V4,7,5,7,8
FIFRA Koc 100 to 3000,Vegetable fresh or processing market-r09-B_V4,23,5,16,8
FIFRA Koc 100 to 3000,Vegetable fresh or processing market-r10L-B_V4,30,5,12,9
FIFRA Koc 100 to 3000,Vegetable fresh or processing market-r10U-B_V4,23,5,16,8
FIFRA Koc 100 to 3000,Vegetable fresh or processing market-r11-B_V4,30,9,2,12
FIFRA Koc 100 to 3000,Vegetable fresh or processing market-r12-B_V4,15,10,17,12
FIFRA Koc 100 to 3000,Vegetable fresh or processing market-r13-B_V4,22,2,16,5
FIFRA Koc 100 to 3000,Vegetable fresh or processing market-r14-B_V4,7,6,20,8
FIFRA Koc 100 to 3000,Vegetable fresh or processing market-r15-B_V4,23,11,30,1
FIFRA Koc 100 to 3000,Vegetable fresh or processing market-r16-B_V4,7,11,20,8
FIFRA Koc 100 to 3000,Vegetable fresh or processing market-r17-B_V4,30,5,31,8
FIFRA Koc 100 to 3000,Vegetable fresh or processing market-r18-B_V4,23,7,15,10
FIFRA Koc 100 to 3000,Wheat spring-r01-B_V4,26,5,2,9
FIFRA Koc 100 to 3000,Wheat spring-r04-B_V4,5,5,10,8
FIFRA Koc 100 to 3000,Wheat spring-r07-B_V4,2,5,8,8
FIFRA Koc 100 to 3000,Wheat spring-r09-B_V4,16,5,26,8
FIFRA Koc 100 to 3000,Wheat spring-r10L-B_V4,19,4,20,7
FIFRA Koc 100 to 3000,Wheat spring-r10U-B_V4,5,5,22,8
FIFRA Koc 100 to 3000,Wheat spring-r11-B_V4,12,3,22,6
FIFRA Koc 100 to 3000,Wheat spring-r12-B_V4,12,3,22,6
FIFRA Koc 100 to 3000,Wheat spring-r13-B_V4,12,3,22,6
FIFRA Koc 100 to 3000,Wheat spring-r14-B_V4,4,5,25,8
FIFRA Koc 100 to 3000,Wheat spring-r15-B_V4,22,12,7,6
FIFRA Koc 100 to 3000,Wheat spring-r16-B_V4,17,4,15,8
FIFRA Koc 100 to 3000,Wheat spring-r17-B_V4,27,4,26,8
FIFRA Koc 100 to 3000,Wheat spring-r18-B_V4,2,12,27,6
FIFRA Koc 100 to 3000,Wheat winter-r01-B_V4,2,10,27,7
FIFRA Koc 100 to 3000,Wheat winter-r02-B_V4,3,11,5,7
FIFRA Koc 100 to 3000,Wheat winter-r03N-B_V4,9,11,20,6
FIFRA Koc 100 to 3000,Wheat winter-r03S-B_V4,1,12,8,6
FIFRA Koc 100 to 3000,Wheat winter-r03W-B_V4,5,11,11,6
FIFRA Koc 100 to 3000,Wheat winter-r04-B_V4,20,10,9,7
FIFRA Koc 100 to 3000,Wheat winter-r05-B_V4,31,10,24,6
FIFRA Koc 100 to 3000,Wheat winter-r06-B_V4,31,10,24,6
FIFRA Koc 100 to 3000,Wheat winter-r07-B_V4,24,10,30,6
FIFRA Koc 100 to 3000,Wheat winter-r08-B_V4,6,11,20,6
FIFRA Koc 100 to 3000,Wheat winter-r09-B_V4,24,9,24,7
FIFRA Koc 100 to 3000,Wheat winter-r10L-B_V4,9,10,27,6
FIFRA Koc 100 to 3000,Wheat winter-r10U-B_V4,1,10,3,8
FIFRA Koc 100 to 3000,Wheat winter-r11-B_V4,9,10,27,6
FIFRA Koc 100 to 3000,Wheat winter-r12-B_V4,15,10,16,6
FIFRA Koc 100 to 3000,Wheat winter-r13-B_V4,24,9,30,6
FIFRA Koc 100 to 3000,Wheat winter-r14-B_V4,21,9,2,8
FIFRA Koc 100 to 3000,Wheat winter-r15-B_V4,22,12,7,6
FIFRA Koc 100 to 3000,Wheat winter-r16-B_V4,21,9,2,8
FIFRA Koc 100 to 3000,Wheat winter-r17-B_V4,1,11,31,7
FIFRA Koc 100 to 3000,Wheat winter-r18-B_V4,2,12,18,6
FIFRA Koc over 3000,Christmas Trees-r01-C_V4,1,1,31,12
FIFRA Koc over 3000,Christmas Trees-r02-C_V4,1,1,31,12
FIFRA Koc over 3000,Christmas Trees-r03N-C_V4,1,1,31,12
FIFRA Koc over 3000,Christmas Trees-r04-C_V4,1,1,31,12
FIFRA Koc over 3000,Christmas Trees-r05-C_V4,1,1,31,12
FIFRA Koc over 3000,Christmas Trees-r06-C_V4,1,1,31,12
FIFRA Koc over 3000,Christmas Trees-r07-C_V4,1,1,31,12
FIFRA Koc over 3000,Christmas Trees-r17-C_V4,1,1,31,12
FIFRA Koc over 3000,Christmas Trees-r18-C_V4,1,1,31,12
FIFRA Koc over 3000,Corn-r01-C_V4,2,6,30,9
FIFRA Koc over 3000,Corn-r02-C_V4,17,5,7,10
FIFRA Koc over 3000,Corn-r03N-C_V4,24,4,25,9
FIFRA Koc over 3000,Corn-r03S-C_V4,13,4,3,9
FIFRA Koc over 3000,Corn-r03W-C_V4,16,4,31,8
FIFRA Koc over 3000,Corn-r04-C_V4,16,5,31,10
FIFRA Koc over 3000,Corn-r05-C_V4,14,5,14,10
FIFRA Koc over 3000,Corn-r06-C_V4,29,4,5,9
FIFRA Koc over 3000,Corn-r07-C_V4,13,5,22,10
FIFRA Koc over 3000,Corn-r08-C_V4,20,4,7,9
FIFRA Koc over 3000,Corn-r09-C_V4,22,5,29,10
FIFRA Koc over 3000,Corn-r10L-C_V4,13,5,22,10
FIFRA Koc over 3000,Corn-r10U-C_V4,21,5,26,10
FIFRA Koc over 3000,Corn-r11-C_V4,7,5,2,10
FIFRA Koc over 3000,Corn-r12-C_V4,14,4,5,9
FIFRA Koc over 3000,Corn-r13-C_V4,7,5,15,10
FIFRA Koc over 3000,Corn-r14-C_V4,16,5,26,10
FIFRA Koc over 3000,Corn-r15-C_V4,14,6,16,10
FIFRA Koc over 3000,Corn-r16-C_V4,17,5,20,10
FIFRA Koc over 3000,Corn-r17-C_V4,22,5,4,11
FIFRA Koc over 3000,Corn-r18-C_V4,25,6,16,10
FIFRA Koc over 3000,Cotton-r03N-C_V4,17,5,28,10
FIFRA Koc over 3000,Cotton-r03S-C_V4,23,5,5,11
FIFRA Koc over 3000,Cotton-r03W-C_V4,16,5,5,10
FIFRA Koc over 3000,Cotton-r08-C_V4,20,5,20,10
FIFRA Koc over 3000,Cotton-r11-C_V4,15,5,1,11
FIFRA Koc over 3000,Cotton-r12-C_V4,15,5,1,11
FIFRA Koc over 3000,Cotton-r13-C_V4,7,5,12,11
FIFRA Koc over 3000,Cotton-r15-C_V4,22,4,25,10
FIFRA Koc over 3000,Cotton-r18-C_V4,29,4,21,10
FIFRA Koc over 3000,Hay all-r01-C_V4,17,4,31,10
FIFRA Koc over 3000,Hay all-r02-C_V4,24,3,1,10
FIFRA Koc over 3000,Hay all-r03N-C_V4,25,3,13,11
FIFRA Koc over 3000,Hay all-r03S-C_V4,18,3,20,11
FIFRA Koc over 3000,Hay all-r03W-C_V4,22,3,15,10
FIFRA Koc over 3000,Hay all-r04-C_V4,3,4,24,9
FIFRA Koc over 3000,Hay all-r05-C_V4,3,4,10,10
FIFRA Koc over 3000,Hay all-r06-C_V4,18,3,1,11
FIFRA Koc over 3000,Hay all-r07-C_V4,16,4,5,8
FIFRA Koc over 3000,Hay all-r08-C_V4,20,3,14,9
FIFRA Koc over 3000,Hay all-r09-C_V4,7,5,2,9
FIFRA Koc over 3000,Hay all-r10L-C_V4,16,4,5,8
FIFRA Koc over 3000,Hay all-r10U-C_V4,23,4,24,8
FIFRA Koc over 3000,Hay all-r11-C_V4,19,3,13,10
FIFRA Koc over 3000,Hay all-r12-C_V4,10,4,30,9
FIFRA Koc over 3000,Hay all-r13-C_V4,10,4,30,9
FIFRA Koc over 3000,Hay all-r14-C_V4,16,4,9,11
FIFRA Koc over 3000,Hay all-r15-C_V4,13,3,1,12
FIFRA Koc over 3000,Hay all-r16-C_V4,13,4,15,10
FIFRA Koc over 3000,Hay all-r17-C_V4,15,4,10,9
FIFRA Koc over 3000,Hay all-r18-C_V4,6,4,20,11
FIFRA Koc over 3000,Orchard deciduous-r01-C_V4,22,5,12,10
FIFRA Koc over 3000,Orchard deciduous-r02-C_V4,10,5,23,10
FIFRA Koc over 3000,Orchard deciduous-r03N-C_V4,12,5,3,11
FIFRA Koc over 3000,Orchard deciduous-r03S-C_V4,15,4,21,11
FIFRA Koc over 3000,Orchard deciduous-r03W-C_V4,20,4,21,11
FIFRA Koc over 3000,Orchard deciduous-r04-C_V4,8,5,14,10
FIFRA Koc over 3000,Orchard deciduous-r05-C_V4,27,4,13,10
FIFRA Koc over 3000,Orchard deciduous-r06-C_V4,15,4,22,10
FIFRA Koc over 3000,Orchard deciduous-r07-C_V4,15,5,30,9
FIFRA Koc over 3000,Orchard deciduous-r08-C_V4,25,4,29,10
FIFRA Koc over 3000,Orchard deciduous-r09-C_V4,15,5,23,9
FIFRA Koc over 3000,Orchard deciduous-r10L-C_V4,23,5,21,10
FIFRA Koc over 3000,Orchard deciduous-r10U-C_V4,10,5,18,9
FIFRA Koc over 3000,Orchard deciduous-r11-C_V4,16,5,29,10
FIFRA Koc over 3000,Orchard deciduous-r12-C_V4,15,4,18,11
FIFRA Koc over 3000,Orchard deciduous-r13-C_V4,8,5,23,10
FIFRA Koc over 3000,Orchard deciduous-r14-C_V4,10,4,7,9
FIFRA Koc over 3000,Orchard deciduous-r15-C_V4,15,4,30,10
FIFRA Koc over 3000,Orchard deciduous-r16-C_V4,20,4,8,9
FIFRA Koc over 3000,Orchard deciduous-r17-C_V4,5,4,3,9
FIFRA Koc over 3000,Orchard deciduous-r18-C_V4,24,2,31,10
FIFRA Koc over 3000,Orchard evergreen-r01-C_V4,1,1,31,12
FIFRA Koc over 3000,Orchard evergreen-r02-C_V4,1,1,31,12
FIFRA Koc over 3000,Orchard evergreen-r03N-C_V4,1,1,31,12
FIFRA Koc over 3000,Orchard evergreen-r03S-C_V4,1,1,31,12
FIFRA Koc over 3000,Orchard evergreen-r03W-C_V4,1,1,31,12
FIFRA Koc over 3000,Orchard evergreen-r04-C_V4,1,1,31,12
FIFRA Koc over 3000,Orchard evergreen-r05-C_V4,1,1,31,12
FIFRA Koc over 3000,Orchard evergreen-r06-C_V4,1,1,31,12
FIFRA Koc over 3000,Orchard evergreen-r07-C_V4,1,1,31,12
FIFRA Koc over 3000,Orchard evergreen-r11-C_V4,1,1,31,12
FIFRA Koc over 3000,Orchard evergreen-r12-C_V4,1,1,31,12
FIFRA Koc over 3000,Orchard evergreen-r13-C_V4,1,1,31,12
FIFRA Koc over 3000,Orchard evergreen-r15-C_V4,1,1,31,12
FIFRA Koc over 3000,Orchard evergreen-r16-C_V4,1,1,31,12
FIFRA Koc over 3000,Orchard evergreen-r17-C_V4,1,1,31,12
FIFRA Koc over 3000,Orchard evergreen-r18-C_V4,1,1,31,12
FIFRA Koc over 3000,Other grains or corn-r01-C_V4,31,5,29,10
FIFRA Koc over 3000,Other grains or corn-r02-C_V4,7,5,2,10
FIFRA Koc over 3000,Other grains or corn-r03N-C_V4,4,6,12,10
FIFRA Koc over 3000,Other grains or corn-r03S-C_V4,4,6,12,10
FIFRA Koc over 3000,Other grains or corn-r03W-C_V4,4,6,12,10
FIFRA Koc over 3000,Other grains or corn-r04-C_V4,31,5,29,10
FIFRA Koc over 3000,Other grains or corn-r05-C_V4,13,6,19,10
FIFRA Koc over 3000,Other grains or corn-r06-C_V4,13,6,19,10
FIFRA Koc over 3000,Other grains or corn-r07-C_V4,11,6,19,10
FIFRA Koc over 3000,Other grains or corn-r08-C_V4,3,6,12,10
FIFRA Koc over 3000,Other grains or corn-r09-C_V4,11,6,19,10
FIFRA Koc over 3000,Other grains or corn-r10L-C_V4,9,6,18,10
FIFRA Koc over 3000,Other grains or corn-r10U-C_V4,11,6,19,10
FIFRA Koc over 3000,Other grains or corn-r11-C_V4,5,5,11,9
FIFRA Koc over 3000,Other grains or corn-r12-C_V4,5,5,11,9
FIFRA Koc over 3000,Other grains or corn-r13-C_V4,5,5,11,9
FIFRA Koc over 3000,Other grains or corn-r14-C_V4,12,6,30,10
FIFRA Koc over 3000,Other grains or corn-r15-C_V4,30,4,16,10
FIFRA Koc over 3000,Other grains or corn-r16-C_V4,17,5,20,10
FIFRA Koc over 3000,Other grains or corn-r17-C_V4,11,6,19,10
FIFRA Koc over 3000,Other grains or corn-r18-C_V4,25,6,16,10
FIFRA Koc over 3000,Pasture or forage-r01-C_V4,1,1,31,12
FIFRA Koc over 3000,Pasture or forage-r02-C_V4,1,1,31,12
FIFRA Koc over 3000,Pasture or forage-r03N-C_V4,1,1,31,12
FIFRA Koc over 3000,Pasture or forage-r03S-C_V4,1,1,31,12
FIFRA Koc over 3000,Pasture or forage-r03W-C_V4,1,1,31,12
FIFRA Koc over 3000,Pasture or forage-r04-C_V4,1,1,31,12
FIFRA Koc over 3000,Pasture or forage-r05-C_V4,1,1,31,12
FIFRA Koc over 3000,Pasture or forage-r06-C_V4,1,1,31,12
FIFRA Koc over 3000,Pasture or forage-r07-C_V4,1,1,31,12
FIFRA Koc over 3000,Pasture or forage-r08-C_V4,1,1,31,12
FIFRA Koc over 3000,Pasture or forage-r09-C_V4,1,1,31,12
FIFRA Koc over 3000,Pasture or forage-r10L-C_V4,1,1,31,12
FIFRA Koc over 3000,Pasture or forage-r10U-C_V4,1,1,31,12
FIFRA Koc over 3000,Pasture or forage-r11-C_V4,1,1,31,12
FIFRA Koc over 3000,Pasture or forage-r12-C_V4,1,1,31,12
FIFRA Koc over 3000,Pasture or forage-r13-C_V4,1,1,31,12
FIFRA Koc over 3000,Pasture or forage-r14-C_V4,1,1,31,12
FIFRA Koc over 3000,Pasture or forage-r15-C_V4,1,1,31,12
FIFRA Koc over 3000,Pasture or forage-r16-C_V4,1,1,31,12
FIFRA Koc over 3000,Pasture or forage-r17-C_V4,1,1,31,12
FIFRA Koc over 3000,Pasture or forage-r18-C_V4,1,1,31,12
FIFRA Koc over 3000,Row or field crop-r01-C_V4,17,6,17,8
FIFRA Koc over 3000,Row or field crop-r02-C_V4,16,5,6,10
FIFRA Koc over 3000,Row or field crop-r03N-C_V4,12,5,17,10
FIFRA Koc over 3000,Row or field crop-r03S-C_V4,25,5,12,10
FIFRA Koc over 3000,Row or field crop-r03W-C_V4,25,5,12,10
FIFRA Koc over 3000,Row or field crop-r04-C_V4,2,5,23,10
FIFRA Koc over 3000,Row or field crop-r05-C_V4,8,6,5,9
FIFRA Koc over 3000,Row or field crop-r06-C_V4,17,5,7,10
FIFRA Koc over 3000,Row or field crop-r07-C_V4,13,5,9,10
FIFRA Koc over 3000,Row or field crop-r08-C_V4,25,5,15,10
FIFRA Koc over 3000,Row or field crop-r09-C_V4,5,6,25,10
FIFRA Koc over 3000,Row or field crop-r10L-C_V4,25,4,22,10
FIFRA Koc over 3000,Row or field crop-r10U-C_V4,8,5,18,10
FIFRA Koc over 3000,Row or field crop-r11-C_V4,19,6,23,10
FIFRA Koc over 3000,Row or field crop-r12-C_V4,9,6,11,10
FIFRA Koc over 3000,Row or field crop-r13-C_V4,9,6,11,10
FIFRA Koc over 3000,Row or field crop-r14-C_V4,15,6,26,10
FIFRA Koc over 3000,Row or field crop-r15-C_V4,7,10,8,6
FIFRA Koc over 3000,Row or field crop-r16-C_V4,19,4,19,10
FIFRA Koc over 3000,Row or field crop-r17-C_V4,19,4,19,10
FIFRA Koc over 3000,Row or field crop-r18-C_V4,8,5,31,7
FIFRA Koc over 3000,Small fruit trellised-r01-C_V4,23,4,3,10
FIFRA Koc over 3000,Small fruit trellised-r02-C_V4,26,3,15,11
FIFRA Koc over 3000,Small fruit trellised-r03N-C_V4,15,2,10,12
FIFRA Koc over 3000,Small fruit trellised-r03S-C_V4,15,2,10,12
FIFRA Koc over 3000,Small fruit trellised-r03W-C_V4,15,2,25,11
FIFRA Koc over 3000,Small fruit trellised-r04-C_V4,6,5,8,10
FIFRA Koc over 3000,Small fruit trellised-r05-C_V4,6,5,4,10
FIFRA Koc over 3000,Small fruit trellised-r06-C_V4,15,4,22,10
FIFRA Koc over 3000,Small fruit trellised-r16-C_V4,12,4,2,9
FIFRA Koc over 3000,Small fruit trellised-r17-C_V4,8,4,17,10
FIFRA Koc over 3000,Small fruit trellised-r18-C_V4,12,4,31,10
FIFRA Koc over 3000,Small grains-r01-C_V4,27,5,6,9
FIFRA Koc over 3000,Small grains-r02-C_V4,19,10,15,6
FIFRA Koc over 3000,Small grains-r03N-C_V4,9,11,11,6
FIFRA Koc over 3000,Small grains-r03S-C_V4,23,11,11,6
FIFRA Koc over 3000,Small grains-r03W-C_V4,14,11,11,6
FIFRA Koc over 3000,Small grains-r04-C_V4,29,4,29,7
FIFRA Koc over 3000,Small grains-r05-C_V4,4,5,7,8
FIFRA Koc over 3000,Small grains-r06-C_V4,6,11,2,6
FIFRA Koc over 3000,Small grains-r07-C_V4,7,5,10,8
FIFRA Koc over 3000,Small grains-r08-C_V4,28,10,4,6
FIFRA Koc over 3000,Small grains-r09-C_V4,16,5,17,8
FIFRA Koc over 3000,Small grains-r10L-C_V4,19,4,20,7
FIFRA Koc over 3000,Small grains-r10U-C_V4,4,5,2,8
FIFRA Koc over 3000,Small grains-r11-C_V4,12,3,22,6
FIFRA Koc over 3000,Small grains-r12-C_V4,20,10,7,6
FIFRA Koc over 3000,Small grains-r13-C_V4,22,4,17,8
FIFRA Koc over 3000,Small grains-r14-C_V4,22,4,17,8
FIFRA Koc over 3000,Small grains-r15-C_V4,22,12,7,6
FIFRA Koc over 3000,Small grains-r16-C_V4,17,4,4,8
FIFRA Koc over 3000,Small grains-r17-C_V4,28,4,25,8
FIFRA Koc over 3000,Small grains-r18-C_V4,29,4,11,8
FIFRA Koc over 3000,Soybean-r01-C_V4,12,6,26,10
FIFRA Koc over 3000,Soybean-r02-C_V4,12,7,1,11
FIFRA Koc over 3000,Soybean-r03N-C_V4,16,6,22,11
FIFRA Koc over 3000,Soybean-r03S-C_V4,13,6,16,11
FIFRA Koc over 3000,Soybean-r03W-C_V4,16,6,12,11
FIFRA Koc over 3000,Soybean-r04-C_V4,23,5,15,10
FIFRA Koc over 3000,Soybean-r05-C_V4,1,6,11,10
FIFRA Koc over 3000,Soybean-r06-C_V4,16,6,12,11
FIFRA Koc over 3000,Soybean-r07-C_V4,27,5,9,10
FIFRA Koc over 3000,Soybean-r08-C_V4,11,6,28,10
FIFRA Koc over 3000,Soybean-r09-C_V4,31,5,7,10
FIFRA Koc over 3000,Soybean-r10L-C_V4,27,5,9,10
FIFRA Koc over 3000,Soybean-r10U-C_V4,4,6,11,10
FIFRA Koc over 3000,Soybean-r11-C_V4,9,6,16,10
FIFRA Koc over 3000,Soybean-r12-C_V4,6,5,19,9
FIFRA Koc over 3000,Soybean-r13-C_V4,6,5,19,9
FIFRA Koc over 3000,Soybean-r14-C_V4,9,6,16,10
FIFRA Koc over 3000,Soybean-r17-C_V4,31,5,7,10
FIFRA Koc over 3000,Sugarcane-r03S-C_V4,14,11,10,7
FIFRA Koc over 3000,Sugarcane-r03W-C_V4,14,11,10,7
FIFRA Koc over 3000,Sugarcane-r08-C_V4,11,9,17,11
FIFRA Koc over 3000,Sugarcane-r11-C_V4,11,9,17,11
FIFRA Koc over 3000,Sugarcane-r12-C_V4,11,9,17,11
FIFRA Koc over 3000,Sugarcane-r13-C_V4,11,9,17,11
FIFRA Koc over 3000,Vegetable commodity-r01-C_V4,31,5,30,9
FIFRA Koc over 3000,Vegetable commodity-r02-C_V4,29,6,22,9
FIFRA Koc over 3000,Vegetable commodity-r03N-C_V4,2,6,15,10
FIFRA Koc over 3000,Vegetable commodity-r03S-C_V4,21,4,23,7
FIFRA Koc over 3000,Vegetable commodity-r03W-C_V4,22,5,23,8
FIFRA Koc over 3000,Vegetable commodity-r04-C_V4,17,6,27,9
FIFRA Koc over 3000,Vegetable commodity-r05-C_V4,29,6,22,9
FIFRA Koc over 3000,Vegetable commodity-r06-C_V4,15,6,30,9
FIFRA Koc over 3000,Vegetable commodity-r07-C_V4,2,6,22,9
FIFRA Koc over 3000,Vegetable commodity-r08-C_V4,15,6,30,9
FIFRA Koc over 3000,Vegetable commodity-r09-C_V4,2,5,25,6
FIFRA Koc over 3000,Vegetable commodity-r10L-C_V4,13,6,26,9
FIFRA Koc over 3000,Vegetable commodity-r10U-C_V4,27,3,1,7
FIFRA Koc over 3000,Vegetable commodity-r11-C_V4,7,5,2,10
FIFRA Koc over 3000,Vegetable commodity-r12-C_V4,2,6,15,9
FIFRA Koc over 3000,Vegetable commodity-r13-C_V4,22,5,28,9
FIFRA Koc over 3000,Vegetable commodity-r14-C_V4,14,6,26,9
FIFRA Koc over 3000,Vegetable commodity-r15-C_V4,2,6,16,9
FIFRA Koc over 3000,Vegetable commodity-r16-C_V4,28,3,22,9
FIFRA Koc over 3000,Vegetable commodity-r17-C_V4,18,5,20,7
FIFRA Koc over 3000,Vegetable commodity-r18-C_V4,13,4,11,7
FIFRA Koc over 3000,Vegetable fresh or processing market-r01-C_V4,24,6,15,8
FIFRA Koc over 3000,Vegetable fresh or processing market-r02-C_V4,27,5,21,7
FIFRA Koc over 3000,Vegetable fresh or processing market-r03N-C_V4,7,5,30,6
FIFRA Koc over 3000,Vegetable fresh or processing market-r03S-C_V4,20,2,14,4
FIFRA Koc over 3000,Vegetable fresh or processing market-r03W-C_V4,7,4,7,6
FIFRA Koc over 3000,Vegetable fresh or processing market-r04-C_V4,22,5,12,8
FIFRA Koc over 3000,Vegetable fresh or processing market-r05-C_V4,30,5,22,8
FIFRA Koc over 3000,Vegetable fresh or processing market-r06-C_V4,17,5,15,8
FIFRA Koc over 3000,Vegetable fresh or processing market-r07-C_V4,23,5,16,8
FIFRA Koc over 3000,Vegetable fresh or processing market-r08-C_V4,7,5,7,8
FIFRA Koc over 3000,Vegetable fresh or processing market-r09-C_V4,23,5,16,8
FIFRA Koc over 3000,Vegetable fresh or processing market-r10L-C_V4,7,5,20,9
FIFRA Koc over 3000,Vegetable fresh or processing market-r10U-C_V4,23,5,16,8
FIFRA Koc over 3000,Vegetable fresh or processing market-r11-C_V4,15,10,17,12
FIFRA Koc over 3000,Vegetable fresh or processing market-r12-C_V4,22,2,16,5
FIFRA Koc over 3000,Vegetable fresh or processing market-r13-C_V4,14,5,23,8
FIFRA Koc over 3000,Vegetable fresh or processing market-r14-C_V4,7,6,20,8
FIFRA Koc over 3000,Vegetable fresh or processing market-r15-C_V4,22,10,30,1
FIFRA Koc over 3000,Vegetable fresh or processing market-r16-C_V4,7,11,20,8
FIFRA Koc over 3000,Vegetable fresh or processing market-r17-C_V4,30,5,31,8
FIFRA Koc over 3000,Vegetable fresh or processing market-r18-C_V4,23,7,15,10
FIFRA Koc over 3000,Wheat spring-r01-C_V4,26,5,2,9
FIFRA Koc over 3000,Wheat spring-r04-C_V4,7,5,10,8
FIFRA Koc over 3000,Wheat spring-r07-C_V4,15,5,22,8
FIFRA Koc over 3000,Wheat spring-r09-C_V4,16,5,26,8
FIFRA Koc over 3000,Wheat spring-r10L-C_V4,19,4,20,7
FIFRA Koc over 3000,Wheat spring-r10U-C_V4,2,5,8,8
FIFRA Koc over 3000,Wheat spring-r11-C_V4,12,3,22,6
FIFRA Koc over 3000,Wheat spring-r12-C_V4,12,3,22,6
FIFRA Koc over 3000,Wheat spring-r13-C_V4,12,3,22,6
FIFRA Koc over 3000,Wheat spring-r14-C_V4,22,12,7,6
FIFRA Koc over 3000,Wheat spring-r15-C_V4,22,12,7,6
FIFRA Koc over 3000,Wheat spring-r16-C_V4,27,4,26,8
FIFRA Koc over 3000,Wheat spring-r17-C_V4,19,4,15,8
FIFRA Koc over 3000,Wheat spring-r18-C_V4,11,4,13,8
FIFRA Koc over 3000,Wheat winter-r01-C_V4,2,10,27,7
FIFRA Koc over 3000,Wheat winter-r02-C_V4,3,11,5,7
FIFRA Koc over 3000,Wheat winter-r03N-C_V4,9,11,20,6
FIFRA Koc over 3000,Wheat winter-r03S-C_V4,1,12,8,6
FIFRA Koc over 3000,Wheat winter-r03W-C_V4,1,12,8,6
FIFRA Koc over 3000,Wheat winter-r04-C_V4,14,10,20,7
FIFRA Koc over 3000,Wheat winter-r05-C_V4,31,10,24,6
FIFRA Koc over 3000,Wheat winter-r06-C_V4,12,11,9,6
FIFRA Koc over 3000,Wheat winter-r07-C_V4,24,10,30,6
FIFRA Koc over 3000,Wheat winter-r08-C_V4,8,11,15,6
FIFRA Koc over 3000,Wheat winter-r09-C_V4,24,9,24,7
FIFRA Koc over 3000,Wheat winter-r10L-C_V4,9,10,27,6
FIFRA Koc over 3000,Wheat winter-r10U-C_V4,1,10,3,8
FIFRA Koc over 3000,Wheat winter-r11-C_V4,10,10,16,6
FIFRA Koc over 3000,Wheat winter-r12-C_V4,15,10,16,6
FIFRA Koc over 3000,Wheat winter-r13-C_V4,24,9,30,6
FIFRA Koc over 3000,Wheat winter-r14-C_V4,28,9,11,7
FIFRA Koc over 3000,Wheat winter-r15-C_V4,22,12,7,6
FIFRA Koc over 3000,Wheat winter-r16-C_V4,21,9,2,8
FIFRA Koc over 3000,Wheat winter-r17-C_V4,1,11,31,7
FIFRA Koc over 3000,Wheat winter-r18-C_V4,2,12,18,6
